"Concepte";"Nom";"Tipologia";"Superficie";"Usuaris";"Gener [kWh]";"Febrer [kWh]";"Març [kWh]";"Abril [kWh]";"Maig [kWh]";"Juny [kWh]";"Juliol [kWh]";"Agost [kWh]";"Setembre [kWh]";"Octubre [kWh]";"Novembre [kWh]";"Desembre [kWh]";"Gener[€]";"Febrer[€]";"Març[€]";"Abril[€]";"Maig[€]";"Juny[€]";"Juliol[€]";"Agost[€]";"Setembre[€]";"Octubre[€]";"Novembre[€]";"Desembre[€]"
"Total";"ANTIGA BIBLIOTECA SALVADOR ALLENDE";"Cultural";"";"0";"1.894";"1.504";"776";"422";"177";"783";"1.038";"919";"826";"595";"418";"1.290";"459";"380";"253";"185";"143";"251";"300";"278";"257";"218";"182";"346"
"Total";"CIRC FIRES";"Altres";"";"0";"170";"13";"9";"8";"5";"5";"5";"5";"6";"27";"130";"149";"102";"68";"72";"70";"71";"69";"71";"71";"69";"75";"92";"99"
"Total";"REG JARDÍ DEL DOCTOR FIGUERAS";"Altres";"";"0";"5";"5";"5";"5";"6";"5";"5";"4";"2";"1";"0";"0";"24";"23";"24";"24";"24";"24";"24";"24";"23";"23";"22";"23"
"Total";"FONT DEL FERRO";"Altres";"";"0";"11";"3";"1";"1";"7";"9";"8";"8";"6";"6";"3";"3";"16";"14";"15";"14";"16";"16";"16";"16";"15";"15";"15";"15"
"Total";"REIXA SÈQUIA MONAR MARISTES";"Altres";"";"0";"269";"230";"130";"210";"458";"576";"774";"778";"759";"803";"809";"925";"66";"58";"43";"56";"97";"116";"149";"149";"145";"153";"153";"173"
"Total";"POU MONTSERRAT";"Altres";"";"0";"86";"76";"87";"75";"84";"88";"1.637";"2.699";"2025";"89";"75";"78";"79";"73";"79";"74";"78";"77";"381";"562";"433";"79";"75";"77"
"Total";"MOTORS JARDINS DEVESA";"Altres";"";"0";"10";"9";"7";"7";"10";"9";"7";"7";"7";"8";"11";"10";"44";"41";"44";"42";"44";"43";"44";"44";"43";"44";"43";"44"
"Total";"CASETA DE LA DEVESA";"Cultural";"";"0";"60";"86";"38";"25";"25";"25";"27";"45";"56";"52";"27";"37";"71";"72";"67";"63";"65";"63";"65";"68";"68";"70";"63";"68"
"Total";"ASSOCIACIÓ VEÏNS DE LA DEVESA";"Cultural";"";"0";"4.787";"2.801";"787";"762";"788";"762";"1.864";"2.941";"2.038";"2.310";"3.911";"1.493";"754";"500";"255";"247";"255";"268";"444";"571";"423";"441";"648";"373"
"Total";"CEMENTIRI";"Altres";"";"0";"1.120";"1.152";"591";"470";"425";"357";"359";"362";"351";"622";"1051";"1.392";"213";"216";"125";"105";"98";"86";"87";"88";"85";"130";"200";"259"
"Total";"CEMENTIRI DE SANTA EUGÈNIA";"Altres";"";"0";"0";"0";"0";"0";"0";"1";"0";"0";"0";"0";"0";"0";"18";"17";"18";"18";"19";"19";"18";"18";"18";"18";"18";"18"
"Total";"CENTRE CULTURAL LA MERCÈ";"Cultural";"";"0";"83.098";"50.498";"20.035";"12.176";"14.298";"22.288";"24.332";"18.670";"21.097";"19.606";"36.944";"54.591";"7.756";"5.271";"2.551";"1.482";"1.773";"2.828";"3.142";"2.387";"2.667";"2.478";"3.740";"4.113"
"Total";"CENTRE CÍVIC DEL TER / BIBLIOTECA ANTÒNIA ADROHER";"Cultural";"";"0";"21.512";"17.223";"12.501";"3.877";"3.892";"10.208";"17.042";"15.342";"13.573";"13.866";"14.850";"19.266";"3.877";"3.199";"2.562";"1.358";"1.413";"2.285";"3.359";"3.179";"2.758";"2.885";"2.879";"3.523"
"Total";"CENTRE CÍVIC PLA DE PALAU / BIBLIOTECA ERNEST LLUCH";"Cultural";"";"0";"9.172";"7.563";"5.549";"1.829";"2.549";"3.984";"7.457";"6.055";"5.086";"4.936";"5.180";"7.492";"1.639";"1.304";"1.051";"593";"684";"860";"1.376";"1.164";"1.003";"985";"978";"1.284"
"Total";"CENTRE CÍVIC PONT MAJOR / BIBLIOTECA JUST M. CASERO";"Cultural";"";"0";"18.793";"11.767";"6.079";"2.358";"3.224";"5.760";"8.441";"9.598";"7.937";"8.346";"9.309";"12.859";"2.937";"1.948";"1.217";"719";"830";"1.196";"1.625";"1.753";"1.487";"1.638";"1.703";"2.184"
"Total";"CONSULTORI PONT MAJOR";"Sanitari";"";"0";"1.880";"1.185";"1036";"259";"322";"525";"660";"799";"570";"679";"1.129";"1.450";"408";"277";"253";"108";"122";"157";"184";"210";"165";"188";"268";"331"
"Total";"COOPERACIÓ";"Oficina";"";"0";"1.384";"1.475";"861";"718";"655";"713";"1064";"1.059";"1.009";"1.087";"1.233";"1.271";"269";"281";"183";"159";"150";"158";"216";"216";"206";"220";"243";"252"
"Total";"PLAÇA JURATS";"Cultural";"";"0";"4.243";"3.140";"824";"42";"44";"60";"1.821";"1.736";"261";"805";"1.183";"3.022";"851";"632";"210";"64";"66";"68";"447";"398";"105";"206";"274";"614"
"Total";"MAS ABELLA";"Cultural";"";"0";"1.278";"976";"865";"684";"774";"777";"1242";"1159";"845";"939";"968";"975";"293";"240";"217";"182";"200";"199";"286";"271";"212";"231";"234";"239"
"Total";"SERVEI MUNICIPAL D'OCUPACIÓ";"Oficina";"";"0";"34.288";"14.619";"12.091";"8.411";"7.660";"11.616";"15.350";"12.739";"11.420";"12.869";"47.648";"40.436";"3.244";"1.670";"1.461";"1.010";"930";"1.559";"2.126";"1.640";"1.461";"1.591";"3.178";"3.056"
"Total";"CASETA JARDINERS PEDRET";"Altres";"";"0";"364";"318";"134";"101";"81";"74";"90";"91";"82";"84";"227";"252";"97";"87";"59";"52";"50";"48";"52";"52";"49";"51";"73";"78"
"Total";"LOCAL SOCIAL SANT DANIEL CAN PRIMI";"Oficina";"";"0";"140";"377";"145";"120";"115";"110";"176";"188";"105";"100";"83";"84";"99";"138";"100";"93";"95";"91";"106";"108";"90";"92";"87";"89"
"Total";"FUNDACIO ESCOLA ART FLORAL";"Oficina";"";"0";"1.201";"1.128";"291";"212";"235";"231";"239";"239";"436";"474";"785";"863";"215";"202";"67";"53";"57";"56";"58";"58";"90";"96";"147";"160"
"Total";"REPETIDOR TORRE ALFONS XII";"Altres";"";"0";"156";"145";"151";"146";"148";"141";"136";"129";"136";"150";"130";"125";"68";"64";"67";"65";"67";"64";"65";"64";"64";"67";"62";"63"
"Total";"HABITATGE MUNICIPAL CAN COLOMER";"Residencial";"";"0";"406";"376";"407";"396";"409";"396";"409";"409";"397";"410";"396";"409";"94";"87";"94";"91";"95";"91";"94";"94";"92";"95";"91";"94"
"Total";"HABITATGE MUNICIPAL FONTAJAU 5- 8E 4A";"Residencial";"";"0";"158";"159";"178";"173";"123";"109";"103";"102";"121";"127";"133";"138";"45";"44";"48";"47";"39";"36";"36";"36";"38";"40";"40";"42"
"Total";"HABITATGE MUNICIPAL ST GREGORI 89- 6E 1A";"Residencial";"";"0";"77";"72";"64";"60";"53";"49";"56";"57";"50";"52";"179";"205";"32";"30";"30";"28";"28";"26";"28";"28";"27";"27";"48";"53"
"Total";"LOCAL D'INCASOL CEDIT L'ÚS A L'AJUNTAMENT";"Oficina";"";"0";"0";"0";"0";"0";"0";"0";"0";"1";"0";"1";"0";"0";"18";"17";"18";"18";"18";"18";"19";"19";"19";"19";"18";"18"
"Total";"ANTIGUES ESCOLES CAMPDORÀ";"Cultural";"";"0";"439";"396";"401";"355";"270";"266";"280";"251";"191";"175";"124";"118";"95";"87";"89";"81";"68";"66";"69";"65";"54";"52";"43";"44"
"Total";"CAPELLA DE SANT NICOLAU";"Cultural";"";"0";"5.208";"5.016";"3.984";"3.654";"1.789";"1361";"347";"274";"1485";"1578";"3.808";"4.019";"894";"859";"693";"638";"335";"264";"99";"87";"284";"300";"1212";"1012"
"Total";"LOCAL SOCIAL GRUP SANT DANIEL";"Oficina";"";"0";"19";"19";"18";"20";"25";"21";"17";"17";"17";"18";"19";"18";"59";"56";"59";"58";"60";"58";"59";"59";"57";"59";"57";"60"
"Total";"LOCAL SOCIAL SANT DANIEL";"Cultural";"";"0";"1.883";"1.876";"477";"343";"248";"216";"401";"436";"296";"292";"360";"385";"377";"371";"147";"123";"109";"102";"134";"140";"115";"117";"125";"132"
"Total";"LOCAL SOCIAL DE MONTJUÏC";"Cultural";"";"0";"1.257";"722";"407";"225";"228";"263";"345";"305";"304";"682";"-30";"422";"421";"278";"217";"174";"179";"182";"201";"192";"191";"228";"175";"220"
"Total";"ANTIC COM RADIO";"Cultural";"";"0";"0";"0";"0";"0";"0";"0";"0";"0";"0";"0";"0";"0";"0";"0";"0";"0";"0";"0";"0";"0";"0";"0";"0";"0"
"Total";"LOCAL SOCIAL DE LA TORRASSA";"Cultural";"";"0";"3.000";"1.944";"1372";"617";"325";"33";"105";"38";"41";"55";"324";"786";"610";"412";"310";"170";"118";"62";"77";"65";"64";"68";"116";"204"
"Total";"LOCAL SOCIAL MONTILIVI";"Oficina";"";"0";"1.579";"1.328";"842";"731";"732";"685";"620";"590";"563";"560";"554";"914";"349";"300";"224";"202";"206";"195";"187";"183";"175";"177";"174";"242"
"Total";"OFICINA MUNICIPAL HABITATGE";"Oficina";"";"0";"8.404";"7.567";"1.097";"10.427";"409";"414";"645";"697";"1436";"5.762";"6.947";"9.222";"609";"558";"196";"665";"162";"160";"201";"209";"243";"435";"476";"581"
"Total";"HABITATGE MUNICIPAL ST. GREGORI 89- 5E 4A";"Residencial";"";"0";"1.386";"1.188";"999";"772";"745";"640";"680";"708";"709";"774";"865";"1.027";"120";"106";"98";"84";"84";"76";"78";"78";"75";"78";"82";"91"
"Total";"AJUNTAMENT";"Oficina";"";"0";"131.835";"104.921";"50.412";"35.245";"65.160";"79.510";"91.839";"63.916";"50.861";"67.291";"98.742";"122.957";"12.296";"10.153";"7.275";"5.806";"7.555";"9.025";"11.004";"9.269";"7.886";"7.892";"9.340";"11.072"
"Total";"LOCAL D'INCASOL CEDIT L'ÚS A L'AJUNTAMENT";"Oficina";"";"0";"7";"7";"2";"1";"1";"2";"4";"4";"5";"6";"2";"1";"20";"19";"19";"19";"19";"19";"20";"20";"19";"20";"19";"19"
"Total";"CINEMA TRUFFAUT - RÀDIO";"Cultural";"";"0";"0";"0";"0";"0";"0";"0";"0";"0";"0";"0";"0";"0";"0";"0";"0";"0";"0";"0";"0";"0";"0";"0";"0";"0"
"Total";"HOTEL INFORM";"Oficina";"";"0";"164";"121";"132";"113";"12";"62";"237";"215";"121";"112";"54";"53";"70";"60";"64";"60";"45";"51";"81";"78";"61";"61";"50";"51"
"Total";"ANTIGA CASA PASTORA";"Oficina";"";"0";"152";"54";"37";"33";"33";"32";"32";"32";"81";"83";"79";"81";"62";"44";"43";"41";"42";"41";"42";"42";"49";"51";"49";"50"
"Total";"POLICIA MUNICIPAL";"Oficina";"";"0";"48.941";"52.641";"12.006";"42.506";"73.631";"33.595";"23.593";"24.454";"21.666";"35.503";"52.330";"72.467";"4.662";"4.079";"1.383";"3.323";"5.508";"3.403";"3.211";"3.237";"2.730";"3.160";"3.798";"4.730"
"Total";"ESCOLA MIGDIA";"Educació";"";"0";"18.073";"17.160";"15.998";"14.022";"14.100";"14.079";"14.855";"14.851";"16.878";"235.072";"-52.663";"-54.446";"1.918";"1.826";"1.631";"1.387";"1.384";"1.401";"1.488";"1.489";"1.782";"11.641";"-1.484";"-1.536"
"Total";"ESCOLA STA. EUGÈNIA";"Educació";"";"0";"7.758";"7.303";"5.983";"5.585";"5.684";"5.488";"5.437";"5.423";"6.557";"6.873";"7.543";"7.880";"879";"829";"588";"536";"539";"520";"499";"497";"694";"733";"856";"898"
"Total";"ESCOLA DALMAU CARLES";"Educació";"";"0";"18.017";"17.318";"16.682";"14.441";"14.989";"15.248";"15.376";"14.680";"16.947";"27.691";"35.150";"34.969";"1.797";"1.748";"1.639";"1.376";"1.430";"1.479";"1.487";"1.399";"1.706";"2.092";"2.289";"2.196"
"Total";"ESCOLA MARE DE DEU DEL MONT";"Educació";"";"0";"34.032";"18.320";"18.862";"15.476";"16.912";"17.598";"17.201";"16.911";"17.927";"29.411";"31.717";"32.647";"2.799";"1.608";"1.620";"1.225";"1.371";"1.473";"1.412";"1.374";"1.535";"1.846";"1.926";"1.984"
"Total";"ESCOLA VILA-ROJA";"Educació";"";"0";"4.983";"4.110";"2.334";"52";"1.855";"1.991";"2.123";"4.863";"-2.294";"451";"2.453";"2.843";"734";"684";"615";"334";"561";"565";"598";"948";"807";"603";"625";"688"
"Total";"ESCOLA PLA DE GIRONA";"Educació";"";"0";"50.405";"32.956";"19.178";"15.356";"15.570";"16.201";"16.252";"15.876";"19.778";"22.176";"22.565";"20.903";"4.493";"3.126";"1.943";"1.435";"1.449";"1.554";"1.545";"1.495";"2.028";"2.369";"2.385";"2.143"
"Total";"ESCOLA FONT DE LA POLVORA";"Educació";"";"0";"13.172";"17.378";"17.655";"15.108";"17.333";"16.972";"16.564";"16.566";"16.029";"17.129";"17.719";"18.075";"1.383";"1.500";"1.474";"1.194";"1.451";"1.426";"1.340";"1.340";"1.299";"1.423";"1.516";"1.544"
"Total";"ESCOLA MONTJUÏC";"Educació";"";"0";"20.532";"19.585";"4.593";"7";"3.257";"10.322";"6228";"3.692";"2.554";"11.140";"21.254";"21.080";"1.541";"1.506";"507";"274";"438";"1161";"685";"567";"608";"1068";"1.452";"1.375"
"Total";"ESCOLA CASSIA COSTAL";"Educació";"";"0";"21.045";"21.882";"17.598";"11.999";"11.888";"11.672";"11.939";"11.398";"28.747";"33.744";"33.975";"37.136";"2.200";"2.253";"1.761";"1.394";"1.360";"1.335";"1.362";"1.291";"2.119";"2.557";"2.528";"2.657"
"Total";"CEE FONT DE L'ABELLA";"Educació";"";"0";"67.385";"74.898";"42.415";"15.201";"19.125";"19.879";"20.871";"18.166";"17.984";"10.810";"11.043";"81.978";"5.512";"6.062";"3.462";"1.170";"1.632";"1.747";"1.842";"1.508";"1.525";"1.249";"1.282";"5.041"
"Total";"ESCOLA JOAN BRUGUERA";"Educació";"";"0";"29.890";"9.178";"6.007";"8.416";"11.769";"9.982";"8.504";"8.365";"9.701";"22.976";"23.720";"29.431";"2.726";"1.133";"725";"1.020";"1.430";"1.211";"1.030";"1.014";"1.191";"1.874";"1.843";"2.127"
"Total";"ESCOLA PERICOT BARRACONS";"Educació";"";"0";"14.816";"11.286";"6.531";"1.902";"1.063";"1.866";"1.841";"712";"3.047";"6.162";"10.228";"17.413";"2.409";"1.754";"1.170";"579";"486";"580";"585";"441";"739";"1306";"1.630";"2.674"
"Total";"ESCOLA BALANDRAU";"Educació";"";"0";"7.302";"8.664";"7.466";"0";"373";"3.295";"4096";"8.647";"7.937";"6.422";"6.214";"6.421";"1.120";"1.271";"1.383";"203";"256";"612";"708";"1251";"1161";"996";"964";"996"
"Total";"ESCOLA VERD";"Educació";"";"0";"48.803";"39.909";"15.622";"14.550";"14.925";"14.450";"15.003";"15.475";"15.937";"17.094";"17.896";"18.166";"4.122";"3.367";"1.457";"1.318";"1.316";"1.288";"1.356";"1.432";"1.536";"1.684";"1.828";"1.822"
"Total";"ESCOLA EIXIMENIS";"Educació";"";"0";"17.527";"13.404";"3.117";"2.887";"2.813";"1.425";"1.488";"2.068";"3.616";"7.107";"10.980";"19.302";"1.443";"1.264";"507";"427";"378";"308";"338";"433";"682";"890";"1.134";"1.426"
"Total";"CEE PALAU";"Educació";"";"0";"18.188";"16.601";"15.275";"12.988";"13.260";"13.267";"13.183";"13.210";"14.687";"15.762";"15.409";"15.222";"1.742";"1.551";"1.339";"1.079";"1.096";"1.116";"1.105";"1.077";"1.289";"1.405";"1.368";"1.325"
"Total";"ESCOLA TAIALÀ";"Educació";"";"0";"132.033";"89.885";"25.309";"13.803";"14.228";"15.367";"15.589";"14.153";"18.620";"20.536";"21.961";"91.208";"10.600";"7.026";"2.379";"1.343";"1.386";"1.537";"1.563";"1.377";"1.993";"2.238";"2.385";"5.767"
"Total";"ESCOLA ANNEXA-JOAN PUIGBERT";"Educació";"";"0";"42.173";"24.542";"23.751";"20.375";"20.975";"20.995";"21.883";"21.473";"23.363";"25.240";"25.242";"69.175";"3.583";"2.270";"2.119";"1.716";"1.765";"1.796";"1.879";"1.825";"2.105";"2.308";"2.338";"4.343"
"Total";"ESCOLA MONTFALGARS";"Educació";"";"0";"40.309";"18.080";"16.510";"12.388";"14.383";"14.797";"15.105";"14.112";"17.555";"23.963";"58.239";"58.602";"3.427";"1.877";"1.652";"1.145";"1.372";"1.439";"1.470";"1.338";"1.800";"2.144";"3.534";"3.445"
"Total";"ESCOLA BRESSOL EL TREN";"Educació";"";"0";"9.007";"8.323";"7.198";"219";"393";"1.659";"1.705";"945";"2.301";"4.485";"5.925";"12.851";"839";"738";"602";"162";"183";"275";"286";"202";"398";"478";"566";"853"
"Total";"ESCOLA BRESSOL GARBÍ";"Educació";"";"0";"8.842";"9.525";"1.399";"3.323";"362";"1.744";"2.618";"914";"2.284";"5.409";"10.267";"11.161";"832";"785";"298";"340";"199";"339";"446";"256";"374";"561";"758";"795"
"Total";"CAMP DE FUTBOL DE VILAROJA";"Esportiu";"";"0";"1.233";"1.147";"864";"597";"568";"509";"461";"419";"555";"737";"706";"831";"474";"444";"429";"373";"378";"359";"362";"355";"367";"408";"396";"428"
"Total";"PAVELLÓ DE SANTA EUGÈNIA";"Esportiu";"";"0";"39.136";"32.438";"6.483";"4.432";"4.581";"9.160";"14.787";"13.663";"17.980";"12.486";"12.483";"17.380";"2.605";"2.210";"985";"864";"893";"859";"1.196";"1131";"1.492";"1172";"1.050";"1.390"
"Total";"ZONA ESPORTIVA DEVESA";"Esportiu";"";"0";"12.543";"10.400";"7.653";"2.542";"11.830";"18.524";"24.592";"29.178";"26.722";"17.626";"15.727";"18.176";"1.562";"1.373";"1.128";"731";"1.732";"2.300";"3.010";"3.537";"3.347";"2.565";"2.100";"2.042"
"Total";"CAMP DE FUTBOL DE CAN GIBERT";"Esportiu";"";"0";"13.355";"10.115";"7.932";"2.055";"1.929";"880";"1.040";"1.467";"2.906";"2.780";"1.499";"3.134";"1.749";"1.491";"1.090";"508";"508";"498";"535";"625";"858";"868";"629";"923"
"Total";"PAVELLÓ DE PALAU";"Esportiu";"";"0";"27.977";"20.802";"5.618";"66.914";"31.764";"5.985";"6.234";"5.775";"8.259";"9.967";"11.784";"21.210";"3.089";"2.584";"1.254";"4.527";"2.390";"979";"1205";"1.092";"1493";"1.675";"1.637";"2.208"
"Total";"PAVELLÓ DE VILA-ROJA";"Esportiu";"";"0";"22.262";"24.366";"8.477";"6.418";"2.112";"4.387";"18.162";"22.347";"-12.619";"1.500";"6.981";"21.150";"2.044";"1.803";"906";"759";"525";"622";"1.353";"1482";"-84";"677";"894";"1.536"
"Total";"PISTA ESPORTIVA FONTAJAU";"Esportiu";"";"0";"5";"5";"6";"5";"7";"5";"5";"6";"1";"0";"0";"0";"37";"35";"37";"36";"37";"36";"37";"37";"35";"35";"34";"35"
"Total";"PISCINA CAN GIBERT DEL PLA";"Piscina";"";"0";"213.198";"183.472";"38.009";"214.378";"65.276";"77.813";"65.708";"64.886";"84.197";"139.346";"134.987";"198.212";"13.296";"11.535";"4.197";"12.147";"5.218";"5.987";"6.015";"5.815";"6.027";"8.568";"7.999";"10.994"
"Total";"CAMP DE FUTBOL GERMANS SÀBAT";"Esportiu";"";"0";"11.873";"11.018";"7.826";"4.102";"4.995";"4.009";"4.736";"5.713";"7.771";"8.887";"5.400";"4.217";"1.734";"1.619";"1.203";"745";"861";"806";"896";"1.006";"1202";"1.243";"928";"946"
"Total";"PISTA DE BOTXES";"Esportiu";"";"0";"855";"-1.469";"744";"457";"482";"457";"601";"872";"739";"25";"0";"0";"168";"-168";"150";"106";"111";"106";"126";"162";"148";"5";"0";"0"
"Total";"PISCINA DE PALAU";"Piscina";"";"0";"230.268";"196.355";"34.284";"122.119";"36.542";"56.378";"49.963";"44.180";"73.047";"122.239";"125.358";"229.087";"15.467";"12.472";"4.026";"7.468";"3.434";"4.725";"4.622";"3.501";"5.590";"7.587";"7.598";"12.889"
"Total";"CAMP DE FUTBOL DE FONTAJAU";"Esportiu";"";"0";"8.277";"7.524";"5.317";"3.629";"3.008";"2.994";"3.088";"3.008";"5.041";"5.453";"4.336";"5.899";"1.831";"1.562";"1.194";"678";"601";"592";"661";"728";"982";"1164";"912";"1.414"
"Total";"PAVELLÓ DE FONTAJAU";"Esportiu";"";"0";"180.476";"306.209";"51.698";"228.460";"17.469";"18.510";"22.969";"20.630";"27.283";"30.616";"148.119";"247.447";"14.601";"19.655";"6.931";"14.286";"3.514";"3.690";"4.330";"4.034";"4.748";"5.015";"10.089";"15.649"
"Total";"PAVELLÓ DE PONT MAJOR";"Esportiu";"";"0";"24.642";"15.585";"13.868";"6.419";"6.750";"4.766";"5.480";"2.185";"4.074";"7.287";"5.892";"24.504";"2.165";"1.538";"1.193";"644";"716";"563";"675";"452";"677";"869";"686";"1.711"
"Total";"PISTA ESPORTIVA FONT DE LA PÓLVORA";"Esportiu";"";"0";"518";"360";"341";"264";"253";"210";"412";"620";"600";"621";"591";"594";"125";"90";"97";"85";"84";"76";"110";"144";"139";"144";"138";"141"
"Total";"CAMP DE FUTBOL TORRES DE PALAU";"Esportiu";"";"0";"23.471";"19.776";"6.963";"10.821";"3.625";"4.967";"5.264";"5.489";"7.720";"8.814";"7.971";"12.224";"2.410";"2.054";"1.397";"963";"805";"860";"926";"944";"1.264";"1.375";"1.368";"1.411"
"Total";"PISTA ESPORTIVA TORRE GIRONELLA";"Esportiu";"";"0";"237";"184";"203";"144";"127";"123";"123";"147";"305";"252";"260";"-620";"48";"38";"50";"38";"35";"34";"34";"39";"47";"48";"51";"-55"
"Total";"L'ESTACIÓ ESPAI JOVE";"Oficina";"";"0";"19.009";"13.122";"1.635";"795";"989";"3.390";"4.337";"2.617";"2.277";"7.242";"5.897";"15.280";"1.308";"969";"385";"332";"364";"538";"872";"691";"599";"722";"644";"1.136"
"Total";"PROMOCIÓ DE LA SALUT";"Oficina";"";"0";"1.510";"1.413";"428";"406";"466";"1.053";"1.942";"1606";"877";"1036";"2.049";"2.805";"347";"321";"207";"198";"210";"295";"424";"374";"265";"286";"404";"511"
"Total";"WC PLAÇA SANTA EUGÈNIA";"Altres";"";"0";"930";"623";"413";"364";"101";"79";"105";"113";"216";"245";"886";"916";"176";"124";"91";"82";"40";"36";"41";"42";"58";"64";"168";"173"
"Total";"WC CARME";"Altres";"";"0";"16";"13";"13";"13";"14";"14";"15";"18";"23";"33";"49";"53";"22";"20";"21";"21";"21";"21";"21";"22";"22";"24";"26";"28"
"Total";"WC PLAÇA INDEPENDÈNCIA";"Altres";"";"0";"-677";"-374";"54";"53";"54";"272";"378";"378";"366";"378";"366";"362";"-81";"-35";"35";"34";"35";"70";"88";"88";"85";"88";"85";"86"
"Total";"ASCENSOR PUJADA SANT MARTÍ";"Altres";"";"0";"280";"271";"201";"170";"150";"151";"165";"163";"154";"151";"128";"131";"88";"84";"76";"69";"67";"66";"70";"69";"66";"67";"62";"65"
"Total";"VIVERS HORTES SANTA EUGÈNIA";"Altres";"";"0";"1988";"1374";"1102";"496";"157";"207";"524";"301";"430";"893";"794";"3018";"425";"307";"261";"147";"87";"94";"154";"113";"135";"222";"202";"613"
"Total";"JARDINS DELS ALEMANYS";"Altres";"";"0";"489";"480";"580";"416";"12";"0";"0";"0";"0";"0";"1";"0";"123";"119";"138";"103";"26";"39";"41";"41";"39";"41";"41";"43"
"Total";"BRIGADES OBRES";"Altres";"";"0";"48.490";"41.811";"18.715";"25.953";"14.819";"7.336";"7.361";"6.417";"6.548";"13.909";"29.920";"45.149";"4.105";"3.611";"2.194";"2.455";"1.842";"1.447";"1.409";"1.294";"1.291";"1.934";"2.649";"3.569"
"Total";"MERCAGIRONA";"Oficina";"";"0";"8.260";"7.417";"7.499";"6.508";"6.371";"6.084";"6.566";"6.279";"6.148";"6.797";"7.288";"7.663";"1.336";"1.197";"1.241";"1.067";"1.074";"1.034";"1.107";"1.069";"1.037";"1.125";"1.211";"1.264"
"Total";"WC CARPES DEVESA";"Altres";"";"0";"650";"567";"544";"466";"427";"388";"347";"168";"206";"209";"220";"237";"132";"117";"115";"101";"96";"88";"82";"53";"59";"60";"61";"66"
"Total";"OFICINA MERCAT AMBULANT";"Oficina";"";"0";"1175";"727";"604";"536";"397";"402";"476";"475";"455";"526";"790";"730";"231";"155";"137";"125";"103";"103";"116";"116";"112";"125";"166";"159"
"Total";"MERCAT LLEÓ";"Oficina";"";"0";"51.186";"40.037";"36.439";"35.895";"52.914";"57.050";"74.416";"70.084";"54.644";"33.882";"26.443";"24.434";"7.781";"6.316";"6.027";"5.891";"8.274";"8.601";"10.657";"10.125";"8.291";"5.851";"4.861";"4.699"
"Total";"MUSEU D'HISTÒRIA";"Cultural";"";"0";"22.873";"8.100";"0";"15.547";"28.351";"16.264";"11.752";"11.586";"9.522";"9.607";"12.757";"19.169";"3.171";"1.296";"350";"2.308";"3.941";"2.385";"1.876";"1.866";"1.552";"1.541";"1.883";"2.656"
"Total";"PUNT DE LECTURA TORRE GIRONELLA";"Cultural";"";"0";"108";"94";"50";"41";"33";"31";"45";"45";"33";"35";"75";"77";"23";"20";"14";"12";"11";"10";"13";"13";"11";"11";"18";"18"
"Total";"REG MAS MASÓ";"Altres";"";"0";"0";"38";"1";"0";"0";"0";"0";"0";"0";"0";"0";"0";"25";"30";"26";"24";"25";"24";"25";"25";"24";"25";"24";"25"
"Total";"SALA FIDEL AGUILAR";"Oficina";"";"0";"5.278";"4.702";"3.028";"2.011";"4.240";"1.730";"2.686";"2.881";"2.132";"2.310";"3.120";"5.376";"834";"732";"508";"382";"658";"355";"483";"507";"407";"431";"520";"854"
"Total";"OFICINA PLA DE BARRIS";"Oficina";"";"0";"85";"290";"127";"123";"126";"121";"121";"119";"119";"146";"176";"175";"47";"78";"54";"52";"54";"52";"53";"53";"51";"57";"61";"62"
"Total";"LLAR D'AVIS TAIALÀ";"Cultural";"";"0";"14.268";"11.676";"2.128";"0";"1.514";"6.095";"6.549";"7.021";"6.615";"1.646";"1.744";"15.645";"1.062";"937";"424";"203";"387";"621";"706";"714";"686";"391";"404";"999"
"Total";"ESCOLA BRESSOL LA BALDUFA";"Educació";"";"0";"15.497";"10.570";"7.475";"0";"4.523";"1.465";"1.739";"1.688";"2.362";"2.247";"10.568";"19.541";"1.433";"1.011";"815";"258";"805";"440";"484";"475";"529";"500";"1.105";"1.464"
"Total";"CENTRE JOVE SALUT INTEGRAL";"Oficina";"";"0";"1.612";"1.538";"570";"397";"441";"245";"485";"485";"661";"697";"1.074";"1.156";"301";"286";"130";"101";"109";"76";"118";"118";"146";"153";"213";"228"
"Total";"CENTRE OBERT GÜELL";"Oficina";"";"0";"887";"918";"635";"234";"273";"356";"497";"240";"409";"479";"802";"1.057";"248";"238";"196";"140";"149";"156";"178";"144";"163";"175";"214";"268"
"Total";"CENTRE DE DIA FONT PÓLVORA";"Oficina";"";"0";"2216";"2002";"1641";"1517";"1434";"1.369";"950";"934";"877";"906";"1.054";"1.114";"400";"305";"297";"284";"271";"259";"192";"190";"179";"185";"208";"220"
"Total";"LLAR D'AVIS SANT JOAN";"Cultural";"";"0";"307";"284";"2875";"3800";"3926";"1998";"1082";"1045";"1147";"1214";"1078";"1098";"71";"66";"473";"618";"647";"347";"199";"193";"209";"220";"197";"201"
"Total";"LOCAL SOCIAL C/HORTÈNSIA";"Cultural";"";"0";"551";"530";"268";"176";"110";"134";"166";"176";"181";"221";"265";"215";"114";"109";"67";"52";"42";"45";"51";"52";"52";"60";"66";"59"
"Total";"CENTRE CÍVIC PEDRET";"Cultural";"";"0";"5.355";"3.846";"3.341";"817";"733";"331";"642";"504";"882";"1.238";"2.038";"6.703";"539";"438";"394";"211";"211";"202";"256";"206";"262";"357";"306";"599"
"Total";"CENTRE CÍVIC SANTA EUGÈNIA";"Cultural";"";"0";"17.805";"14.580";"3.325";"19.653";"3.482";"3.573";"3.808";"2.599";"3.696";"9.717";"13.754";"20.783";"1.751";"1.470";"591";"1351";"530";"628";"909";"786";"604";"835";"1.001";"1.770"
"Total";"BANC D'ALIMENTS";"Oficina";"";"0";"391";"290";"265";"226";"252";"283";"329";"334";"287";"194";"166";"150";"116";"94";"93";"84";"90";"95";"104";"105";"95";"80";"73";"73"
"Total";"MAGATZEM JOSEP MA PRAT";"Altres";"";"0";"256";"250";"230";"219";"275";"266";"170";"170";"121";"125";"102";"104";"65";"63";"61";"59";"68";"66";"51";"51";"43";"44";"39";"41"
"Total";"CENTRE CÍVIC ONYAR";"Cultural";"";"0";"18.600";"12.589";"12.145";"2.397";"3.102";"5.406";"10.087";"8.542";"5.800";"7.189";"10.103";"12.546";"3.217";"2.154";"1.993";"770";"889";"1.208";"1.796";"1.551";"1.248";"1.535";"1.954";"2.218"
"Total";"CENTRE CÍVIC SANT NARCÍS";"Cultural";"";"0";"18.479";"16.173";"10.078";"4.246";"4.679";"8.092";"13.503";"11.891";"9.604";"9.381";"11.656";"14.959";"3.489";"2.817";"1.981";"1.246";"1.317";"1.717";"2.381";"2.167";"1.926";"1.933";"2.293";"2.547"
"Total";"LOCAL SOCIAL GRUP GIRONA";"Cultural";"";"0";"7";"6";"7";"7";"7";"7";"7";"7";"7";"7";"6";"6";"20";"19";"20";"19";"20";"20";"20";"20";"19";"20";"19";"20"
"Total";"CENT LLARS";"Oficina";"";"0";"1.660";"1.246";"831";"154";"211";"316";"468";"536";"367";"613";"953";"1.140";"364";"283";"211";"85";"97";"114";"144";"157";"124";"171";"231";"268"
"Total";"LOCAL SOCIAL NOGUER";"Oficina";"";"0";"687";"371";"394";"384";"276";"249";"439";"446";"315";"321";"517";"550";"123";"67";"74";"72";"55";"50";"82";"83";"61";"62";"94";"100"
"Total";"LOCAL SOCIAL PLAÇA LLIMONER";"Cultural";"";"0";"937";"1.135";"465";"340";"230";"205";"195";"195";"415";"437";"1308";"1417";"191";"189";"108";"91";"75";"69";"69";"69";"104";"108";"249";"268"
"Total";"LOCAL SOCIAL DE VISTA ALEGRE";"Cultural";"";"0";"485";"417";"259";"216";"206";"217";"248";"282";"318";"345";"361";"367";"117";"103";"79";"71";"71";"71";"77";"83";"88";"93";"95";"97"
"Total";"TEATRE MUNICIPAL";"Cultural";"";"0";"83.767";"69.177";"29.702";"6.232";"38.568";"23.332";"16.923";"23.860";"26.245";"40.032";"52.210";"76.934";"8.105";"6.905";"4.197";"2.193";"3.870";"3.299";"3.577";"4.584";"4.317";"4.948";"5.731";"7.826"
"Total";"PUNT DE BENVINGUDA";"Oficina";"";"0";"619";"583";"419";"377";"302";"239";"307";"332";"324";"337";"487";"574";"138";"130";"106";"97";"86";"75";"87";"91";"89";"92";"116";"131"
"Total";"EBAR CREUETA";"Bombeig";"";"0";"19";"19";"21";"20";"19";"21";"21";"20";"20";"20";"20";"18";"23";"22";"23";"22";"23";"23";"23";"23";"22";"23";"22";"23"
"Total";"COMPORTES MARFÀ";"Bombeig";"";"0";"178";"171";"190";"182";"183";"179";"298";"187";"180";"182";"176";"179";"55";"52";"57";"55";"56";"54";"74";"56";"54";"56";"54";"57"
"Total";"Provisional Fires";"Altres";"";"0";"523";"612";"735";"-133";"-1719";"0";"0";"0";"0";"0";"0";"0";"94";"102";"118";"18";"-164";"27";"28";"28";"27";"28";"27";"28"
"Total";"ASSOCIACIÓ DE VEÏNS DE TORRE TAIALÀ";"Cultural";"";"0";"1.317";"1.177";"1.186";"1.097";"1.113";"1.064";"1.074";"1.137";"1.160";"1.129";"971";"1.104";"188";"168";"168";"155";"157";"151";"150";"160";"165";"157";"138";"160"
"Total";"ESCOLA BRESSOL L'OLIVERA";"Educació";"";"0";"10.265";"8.929";"7.746";"3.708";"802";"3.655";"4.889";"2.540";"5.115";"6.088";"6.248";"6.370";"1.569";"1.363";"1.223";"754";"408";"752";"988";"593";"955";"1031";"1.069";"1.095"
"Total";"ESCOLA DOMENY";"Educació";"";"0";"58.502";"54.034";"10.596";"55.280";"21.801";"7.354";"5.652";"4.685";"14.014";"29.427";"49.313";"53.550";"4.155";"3.840";"1.533";"3.409";"1.836";"1.195";"1.131";"1.028";"1.872";"2.781";"3.386";"3.579"
"Total";"PARC DEL MIGDIA";"Altres";"";"0";"1.407";"4.940";"5.741";"4.908";"12.231";"11.725";"11.244";"13.381";"13.338";"14.143";"9.386";"1.339";"451";"898";"1.034";"894";"1.862";"1.805";"1.914";"2.063";"2.045";"2.147";"1.489";"448"
"Total";"ESCOLA EL BOSC DE LA PABORDIA";"Educació";"";"0";"12.086";"9.941";"6.475";"3.233";"754";"1.021";"945";"237";"2.674";"4.306";"7.255";"11.094";"1.981";"1.496";"1.200";"761";"472";"496";"515";"410";"720";"949";"1.295";"1.862"
"Total";"MAGATZEM REIS MAGS";"Altres";"";"0";"274";"5";"2";"1";"0";"3";"11";"13";"15";"199";"627";"677";"79";"33";"34";"33";"32";"32";"36";"36";"35";"67";"135";"145"
"Total";"EBAR PARADOR GÜELL";"Bombeig";"";"0";"42";"57";"29";"23";"24";"23";"24";"21";"15";"16";"17";"20";"37";"37";"35";"33";"34";"33";"34";"33";"32";"33";"32";"34"
"Total";"Can Borrassó";"Altres";"";"0";"1825";"1595";"1592";"960";"722";"687";"851";"905";"1.202";"1193";"1.176";"1.382";"529";"480";"505";"419";"398";"383";"414";"428";"470";"440";"425";"455"
"Total";"ESCOLA CARME AUGUET";"Educació";"";"0";"38.907";"14.846";"1.882";"1.218";"7.147";"4.547";"3.940";"4.194";"9.230";"15.710";"15.995";"15.213";"2.173";"1.256";"448";"337";"1.076";"773";"706";"721";"917";"1.295";"1.373";"1.239"
"Total";"HABITATGE AURORA BERTRANA I SALAZAR 2 - 1R 6A";"Residencial";"";"0";"1.198";"1.184";"1022";"976";"736";"487";"482";"396";"384";"803";"1157";"3.770";"217";"215";"190";"180";"140";"87";"88";"85";"79";"97";"129";"295"
"Total";"ESCOLA MARTA MATA";"Educació";"";"0";"78.516";"60.496";"9.633";"19.960";"5.803";"4.608";"2.057";"1.827";"15.074";"15.384";"42.717";"51.848";"5.011";"4.011";"1.362";"1.542";"850";"940";"675";"645";"1739";"1.868";"3.198";"3.400"
"Total";"CENTRE DE DIA DE SANTA EUGÈNIA";"Oficina";"";"0";"8.513";"5.926";"5.568";"2.175";"1.538";"1.653";"2.383";"2.322";"1.804";"4.015";"6.845";"9.076";"1287";"879";"830";"417";"351";"363";"470";"464";"385";"681";"973";"1.303"
"Total";"ESPAI JOVE ELS QUÍMICS";"Cultural";"";"0";"3.976";"3.162";"1.227";"438";"311";"1.019";"3.286";"719";"849";"1.277";"3.121";"2.239";"904";"766";"393";"234";"227";"362";"751";"275";"335";"458";"819";"684"
"Total";"TANC PLUJA TAIALÀ 4";"Bombeig";"";"0";"20";"18";"20";"18";"19";"18";"19";"19";"18";"19";"19";"19";"9";"8";"9";"8";"9";"9";"9";"9";"8";"9";"9";"9"
"Total";"TANC PLUJA TAIALÀ 2";"Bombeig";"";"0";"0";"0";"0";"0";"0";"0";"0";"0";"0";"0";"0";"0";"5";"5";"5";"5";"5";"5";"5";"5";"5";"5";"6";"6"
"Total";"TANC PLUJA TAIALÀ 1";"Bombeig";"";"0";"44";"40";"34";"31";"26";"22";"22";"23";"24";"26";"38";"45";"30";"28";"28";"27";"27";"26";"27";"27";"26";"27";"29";"31"
"Total";"LA MARFÀ";"Oficina";"";"0";"49.121";"39.609";"12.408";"15.208";"5.044";"9.140";"24.318";"19.305";"18.457";"21.892";"29.273";"38.290";"4.977";"4.368";"2.508";"2.107";"1.783";"2.277";"4.365";"3.667";"3.558";"3.298";"3.412";"3.948"
"Total";"TANC PLUJA TAIALÀ 3";"Bombeig";"";"0";"20";"19";"21";"20";"20";"20";"20";"20";"19";"20";"19";"20";"9";"8";"9";"9";"9";"9";"9";"9";"9";"9";"9";"9"
"Total";"TANC PLUJA TAIALÀ 5";"Bombeig";"";"0";"0";"0";"0";"0";"0";"0";"0";"0";"0";"0";"0";"0";"22";"21";"22";"21";"22";"21";"22";"22";"21";"22";"22";"22"
"Total";"LOCAL PONT MAJOR 65";"Altres";"";"0";"1046";"52";"11";"316";"314";"5";"6";"6";"11";"54";"52";"495";"97";"31";"26";"44";"45";"42";"43";"44";"44";"48";"46";"53"
"Total";"EBAR MARFÀ";"Bombeig";"";"0";"108";"105";"105";"101";"96";"91";"75";"71";"77";"81";"87";"91";"45";"43";"45";"44";"44";"43";"41";"40";"40";"42";"42";"43"
"Total";"ESCOLA BRESSOL LA DEVESA";"Educació";"";"0";"6.277";"5.263";"4.835";"2.859";"1.613";"2.035";"2.731";"964";"1.947";"3.394";"5.518";"6.801";"1.228";"1.043";"1018";"761";"626";"671";"797";"569";"677";"856";"1.113";"1.291"
"Total";"EBAR CAMPDORÀ 2";"Bombeig";"";"0";"10";"9";"9";"8";"8";"8";"9";"9";"8";"9";"10";"11";"25";"23";"24";"24";"24";"24";"24";"24";"24";"24";"24";"26"
"Total";"CASTELL MONTJUÏC";"Cultural";"";"0";"93";"93";"83";"0";"18";"40";"53";"58";"119";"-35";"30";"20";"61";"58";"59";"41";"47";"50";"54";"55";"64";"38";"48";"49"
"Total";"SEPARADOR HIDROCARBURS DOMENY";"Bombeig";"";"0";"0";"0";"0";"0";"8623";"924";"106";"107";"104";"107";"103";"108";"8";"8";"8";"8";"1423";"159";"25";"26";"25";"26";"25";"26"
"Total";"PISTA CREC SANT DANIEL";"Cultural";"";"0";"425";"404";"249";"214";"219";"220";"247";"283";"374";"362";"292";"276";"107";"101";"78";"71";"73";"72";"77";"83";"97";"96";"83";"83"
"Total";"HABITATGE AGUDES 69 - 5E 1A";"Residencial";"";"0";"1110";"1010";"902";"848";"376";"133";"121";"117";"349";"436";"1023";"1.283";"206";"188";"172";"162";"86";"46";"44";"44";"81";"96";"191";"235"
"Total";"CENTRE CÍVIC BARRI VELL – MERCADAL";"Cultural";"";"0";"6.095";"5.307";"3.314";"1.341";"1.556";"2.017";"2.877";"1.922";"2.185";"2.837";"3.772";"4.902";"1.025";"889";"651";"391";"427";"477";"588";"478";"496";"586";"693";"894"
"Total";"ASSOCIACIÓ DE VEÏNS DE PALAU";"Cultural";"";"0";"0";"0";"0";"0";"0";"0";"0";"0";"0";"0";"0";"0";"0";"0";"0";"0";"0";"0";"0";"0";"0";"0";"0";"0"
"Total";"ESCOLA PERICOT";"Educació";"";"0";"46.900";"40.155";"15.345";"19.647";"10.407";"3.318";"2.458";"2.245";"13.605";"18.890";"30.680";"34.507";"3.492";"2.961";"1.574";"1.509";"1.075";"743";"682";"623";"1.517";"1.812";"2.321";"2.417"
"Total";"WC DOMENY";"Altres";"";"0";"11";"9";"9";"9";"9";"8";"7";"7";"9";"10";"9";"9";"17";"16";"17";"16";"17";"16";"16";"16";"16";"17";"16";"17"
"Total";"PAVELLÓ MONTFALGARS";"Esportiu";"";"0";"10.912";"22.655";"5.133";"4.214";"4.160";"4.136";"5.171";"4.043";"4.955";"5.464";"4.789";"5.142";"1.055";"1.752";"543";"425";"415";"415";"548";"424";"541";"603";"517";"567"
"Total";"GESTORIA GOMEZ";"Oficina";"";"0";"864";"970";"513";"143";"189";"357";"562";"284";"468";"547";"706";"838";"211";"227";"147";"77";"87";"117";"156";"105";"137";"153";"181";"208"
"Total";"BEATES";"Oficina";"";"0";"4.629";"3.774";"3.079";"2.208";"2.504";"4.629";"5.815";"5.555";"4.836";"4.936";"5.414";"3.981";"803";"652";"603";"466";"521";"843";"1.032";"984";"978";"863";"934";"708"
"Total";"EBAR NESTLE";"Altres";"";"0";"189";"101";"89";"118";"85";"106";"100";"93";"80";"91";"110";"90";"51";"39";"39";"41";"39";"47";"41";"44";"37";"40";"42";"39"
"Total";"CAMP DE FUTBOL DE PONT MAJOR";"Esportiu";"";"0";"8.193";"1.913";"4.501";"4.055";"2.771";"4.203";"1.384";"3.045";"5.330";"5.269";"4.134";"4.898";"1.654";"851";"995";"912";"776";"956";"610";"807";"1078";"1.090";"943";"1.058"
"Total";"GUINGUETA FONTAJAU";"Cultural";"";"0";"190";"170";"202";"199";"267";"273";"330";"339";"248";"247";"183";"181";"70";"64";"72";"70";"82";"82";"93";"94";"78";"79";"68";"68"
"Total";"TANC PLUJA COSTABONA";"Altres";"";"0";"256";"187";"150";"323";"138";"308";"102";"102";"100";"197";"248";"57";"139";"122";"127";"147";"122";"148";"116";"118";"112";"130";"136";"109"
"Total";"ASSOCIACIO DE VEÏNS DE L'EIXAMPLE";"Altres";"";"0";"701";"589";"361";"91";"105";"285";"125";"113";"190";"324";"308";"480";"231";"163";"148";"67";"72";"94";"75";"73";"111";"107";"105";"190"
"Total";"WC PERE CALDERS";"Altres";"";"0";"53";"9";"7";"7";"7";"7";"19";"22";"27";"29";"167";"194";"24";"16";"16";"16";"16";"16";"18";"19";"19";"20";"42";"47"
"Total";"DIPÒSIT MUNICIPAL DE VEHICLES";"Altres";"";"0";"2.353";"1.993";"333";"1.830";"2.626";"1.469";"1.706";"1.677";"1.412";"1.078";"882";"2.181";"353";"303";"118";"286";"381";"257";"290";"285";"249";"198";"168";"332"
"Total";"PARQUING PLAÇA PALLOL";"Altres";"";"0";"1.510";"1.585";"717";"1.186";"2.495";"1.676";"1.676";"1.632";"1.546";"1.659";"1.575";"1.578";"367";"396";"136";"198";"362";"290";"252";"243";"251";"248";"244";"254"
"Total";"FONTAJAU 5 1º 2ª";"Residencial";"";"0";"265";"246";"303";"295";"276";"263";"228";"225";"218";"226";"260";"274";"62";"58";"69";"67";"64";"61";"56";"56";"54";"56";"61";"64"
"Total";"AAVV PALAU - SANT PAU";"Residencial";"";"0";"4";"2";"3";"2";"1";"2";"5";"4";"4";"3";"1";"2";"20";"18";"19";"19";"19";"19";"20";"20";"19";"20";"19";"20"
"Total";"ASCENSOR GRUP SANT DANIEL";"Altres";"";"0";"108";"102";"78";"79";"88";"92";"103";"109";"112";"120";"121";"118";"88";"82";"82";"80";"84";"83";"87";"88";"86";"90";"88";"91"
"Total";"ASCENSOR PUNTA DEL PI";"Altres";"";"0";"80";"75";"72";"69";"72";"70";"74";"74";"74";"77";"78";"81";"43";"40";"37";"40";"42";"40";"42";"42";"41";"43";"42";"44"
"Total";"PLAÇA JORDI DE SANT JORDI";"Oficina";"";"0";"4.052";"3.925";"1.758";"1.229";"2.722";"2.095";"1.429";"1.194";"1.221";"1.995";"1.747";"1.708";"856";"820";"552";"450";"634";"564";"514";"476";"458";"565";"522";"582"
"Total";"ESTACIÓ RECÀRREGA VEHICLE ELÈCTRIC THARRATS";"Altres";"";"0";"2.543";"2.769";"0";"735";"1.629";"1.353";"2229";"1960";"2135";"2.230";"1.277";"1.764";"1030";"929";"386";"468";"595";"634";"1051";"733";"668";"676";"619";"682"
"Total";"ESTACIÓ RECÀRREGA VEHICLE ELÈCTRIC CARDENER";"Altres";"";"0";"2.473";"2.730";"0";"1079";"2230";"135";"91";"6677";"2922";"3.073";"2.786";"3.764";"1249";"1218";"386";"522";"693";"391";"398";"1350";"769";"781";"965";"1004"
"Total";"HABITATGE AGUDES 69 - 3R 2A";"Residencial";"";"0";"267";"266";"287";"278";"258";"236";"252";"255";"260";"273";"285";"302";"67";"66";"70";"68";"66";"61";"65";"65";"65";"68";"69";"73"
"Total";"ASCENSOR PICAPEDRERS";"Altres";"";"0";"140";"121";"147";"92";"16";"97";"106";"117";"121";"142";"134";"134";"53";"48";"54";"44";"33";"45";"47";"49";"49";"53";"53";"57"
"Total";"ESCENARI FRONTISSA SANTA EUGÈNIA";"Altres";"";"0";"2";"2";"0";"0";"1";"3";"9";"10";"2";"3";"5";"1";"140";"134";"138";"135";"143";"139";"144";"144";"139";"143";"139";"143"
"Total";"QUIOSC FRONTISSA SANTA EUGÈNIA";"Altres";"";"0";"24";"22";"18";"16";"16";"15";"11";"10";"3";"1";"0";"0";"43";"40";"42";"40";"41";"40";"41";"40";"38";"39";"36";"37"
"Total";"HABITATGE GUADIANA 29 - BX 1A";"Residencial";"";"0";"795";"429";"492";"394";"423";"698";"694";"333";"349";"716";"753";"1290";"91";"67";"77";"70";"71";"82";"84";"76";"74";"82";"84";"113"
"Total";"HABITATGE GUADIANA 29 - 2N 3A";"Residencial";"";"0";"1.688";"1.063";"1.217";"605";"682";"1164";"1183";"873";"883";"1589";"1.671";"2.770";"175";"134";"157";"119";"126";"149";"154";"148";"143";"167";"174";"256"
"Total";"HABITATGE GUADIANA 29 - 1R 9A";"Residencial";"";"0";"2.191";"1.797";"1.951";"564";"547";"374";"391";"402";"410";"772";"849";"1.701";"168";"143";"158";"76";"74";"59";"62";"62";"61";"78";"83";"131"
"Total";"EDIFICI HABITATGES TORIN";"Residencial";"";"0";"31.936";"26.905";"2.574";"49.128";"12.444";"7.905";"6.528";"5.942";"6.487";"13.551";"22.400";"32.208";"1.927";"1.644";"477";"2.686";"951";"723";"646";"620";"631";"920";"1.279";"1.695"
"Total";"HABITATGE GUADIANA 29 - 1R 3A";"Residencial";"";"0";"126";"116";"134";"131";"135";"131";"135";"134";"135";"145";"129";"122";"40";"37";"41";"40";"41";"40";"41";"41";"40";"43";"40";"42"
"Total";"CASA SOLER";"Altres";"";"0";"404";"375";"407";"396";"409";"396";"409";"409";"396";"409";"392";"390";"95";"88";"95";"93";"96";"93";"96";"96";"93";"96";"92";"94"
"Total";"HABITATGE RONDA PEDRET 10- BXS 2";"Residencial";"";"0";"142";"118";"126";"121";"114";"109";"125";"126";"104";"106";"120";"126";"48";"42";"45";"44";"43";"42";"45";"45";"41";"42";"43";"45"
"Total";"CENTRE DE DIA GÜELL";"Altres";"";"0";"432";"474";"373";"273";"274";"292";"276";"276";"335";"427";"482";"579";"196";"192";"187";"170";"174";"172";"175";"175";"178";"194";"198";"214"
"Total";"CENTRE DE DISTRIBUCIÓ D'ALIMENTS SANTA EUGÈNIA";"Oficina";"";"0";"2.106";"1.744";"1.087";"327";"411";"580";"663";"369";"513";"821";"1.455";"1.672";"482";"424";"352";"251";"269";"283";"301";"263";"274";"320";"392";"420"
"Total";"ESPAI JOVE GÜELL";"Altres";"";"0";"3.019";"3.111";"2.889";"2.083";"2.444";"3.732";"4.455";"2.032";"1.651";"1.919";"1.559";"1.413";"515";"519";"504";"398";"453";"631";"723";"387";"340";"381";"325";"313"
"Total";"Quadre de festa";"Altres";"";"0";"1.689";"650";"492";"364";"778";"500";"539";"595";"621";"741";"1.005";"2.910";"409";"257";"249";"227";"278";"245";"259";"264";"261";"287";"311";"578"
"Total";"OFICINES BÒLIT";"Oficina";"";"0";"2.751";"2.392";"695";"394";"719";"764";"1.085";"1.289";"701";"1.313";"2.153";"2.682";"537";"463";"237";"186";"230";"237";"297";"335";"231";"316";"440";"504"
"Total";"EVENTUALS NADAL";"Altres";"";"0";"0";"0";"0";"0";"0";"0";"0";"0";"0";"0";"0";"0";"0";"0";"0";"0";"0";"0";"0";"0";"0";"0";"0";"0"
"Total";"HABITATGE GUADIANA 29 - 2N 8A";"Residencial";"";"0";"995";"506";"545";"246";"282";"468";"486";"300";"291";"668";"712";"1219";"103";"60";"65";"44";"48";"61";"65";"61";"56";"69";"75";"131"
"Total";"HABITATGE AGUDES 69 - 6E 6A";"Residencial";"";"0";"2.708";"2.462";"1.751";"1.490";"890";"410";"248";"173";"340";"416";"128";"0";"227";"207";"162";"143";"104";"70";"56";"50";"59";"64";"37";"28"
"Total";"EVENTUALS";"Altres";"";"0";"0";"0";"0";"0";"0";"0";"0";"0";"0";"0";"0";"0";"0";"0";"0";"0";"0";"0";"0";"0";"0";"0";"0";"0"
"Total";"HABITATGE GUADIANA 29_COMUNITAT PROPIETARIS A";"Residencial";"";"0";"310";"282";"260";"190";"251";"301";"475";"453";"438";"468";"447";"443";"211";"196";"203";"186";"202";"202";"230";"227";"221";"230";"221";"226"
"Total";"HABITATGE GUADIANA29_COMUNITAT PROPIETARIS B";"Residencial";"";"0";"206";"203";"308";"285";"202";"185";"175";"142";"146";"151";"134";"144";"193";"181";"204";"196";"192";"185";"189";"185";"180";"186";"179";"185"
"Total";"HABITATGE MONTJUIC 4";"Residencial";"";"0";"186";"162";"174";"169";"151";"142";"157";"157";"160";"166";"193";"203";"50";"45";"48";"47";"45";"42";"45";"46";"45";"47";"51";"53"
"Total";"HABITATGE AGUDES 69 -MAS MASO 1 - 4T 6A";"Residencial";"";"0";"0";"0";"0";"0";"0";"0";"0";"0";"0";"0";"0";"0";"0";"0";"0";"0";"0";"0";"0";"0";"0";"0";"0";"0"
"Total";"HABITATGE RONDA PEDRET 6 - 4T 1A";"Residencial";"";"0";"0";"0";"0";"0";"0";"0";"0";"0";"0";"0";"0";"0";"0";"0";"0";"0";"0";"0";"0";"0";"0";"0";"0";"0"
"Total";"HABITATGE RONDA PEDRET 2 - 3R 2A";"Residencial";"";"0";"527";"455";"434";"208";"305";"656";"627";"482";"542";"816";"751";"616";"38";"34";"33";"19";"25";"44";"45";"45";"44";"49";"45";"38"
"Total";"HABITATGE MONTSENY 32 2 2";"Residencial";"";"0";"0";"0";"0";"0";"0";"0";"0";"0";"0";"0";"0";"0";"0";"0";"0";"0";"0";"0";"0";"0";"0";"0";"0";"0"
"Total";"ANTIC EDIFICI UNED";"Altres";"";"0";"4312";"2666";"2273";"83";"181";"584";"549";"615";"597";"676";"1.042";"607";"632";"430";"400";"148";"164";"212";"212";"219";"212";"226";"263";"214"
"Total";"PARKING HABITATGES GUADIANA";"Residencial";"";"0";"0";"8";"61";"74";"219";"224";"273";"294";"369";"375";"323";"325";"49";"48";"63";"63";"92";"91";"102";"105";"118";"120";"109";"113"
"Total";"HABITATGE AGUDES 69 - 3R 1A";"Residencial";"";"0";"0";"0";"0";"0";"0";"0";"0";"0";"0";"0";"0";"0";"0";"0";"0";"0";"0";"0";"0";"0";"0";"0";"0";"0"
"Total";"HABITATGE RONDA PEDRET 6- 2N 2A";"Residencial";"";"0";"286";"1.036";"1.192";"1494";"1333";"440";"456";"460";"701";"1596";"1672";"2257";"18";"67";"76";"92";"84";"34";"35";"34";"45";"88";"92";"122"
"Total";"HABITATGE GUADIANA 29 BX-4";"Residencial";"";"0";"1.981";"1.095";"1.170";"519";"581";"966";"955";"333";"429";"1.985";"2.073";"3.558";"122";"71";"76";"37";"41";"61";"63";"54";"56";"108";"114";"208"
"Total";"HABITATGE GUADIANA 29 - 1R 2A";"Residencial";"";"0";"756";"302";"322";"183";"183";"127";"130";"121";"121";"177";"215";"632";"54";"24";"25";"16";"16";"12";"12";"11";"11";"14";"16";"43"
"Total";"HABITATGE AGUDES 69 - 4T 6A";"Residencial";"";"0";"0";"0";"0";"0";"0";"0";"0";"0";"0";"0";"0";"0";"0";"0";"0";"0";"0";"0";"0";"0";"0";"0";"0";"0"
"Total";"HABITATGE AURORA BERTRANA I SALAZAR 6-8- 1C";"Residencial";"";"0";"1.255";"576";"616";"243";"260";"332";"328";"109";"165";"1033";"1124";"2.312";"80";"41";"44";"21";"23";"26";"27";"27";"28";"60";"66";"145"
"Total";"CASA PASTORS";"Cultural";"";"0";"0";"0";"0";"0";"0";"0";"0";"0";"0";"0";"0";"0";"9";"9";"9";"9";"9";"9";"9";"9";"9";"9";"9";"9"
"Electricitat";"ANTIGA BIBLIOTECA SALVADOR ALLENDE";"Cultural";"";"0";"182";"346";"776";"422";"177";"783";"1.038";"919";"826";"595";"418";"1.290";"459";"380";"253";"185";"143";"251";"300";"278";"257";"218";"182";"346"
"Electricitat";"CIRC FIRES";"Altres";"";"0";"92";"99";"9";"8";"5";"5";"5";"5";"6";"27";"130";"149";"102";"68";"72";"70";"71";"69";"71";"71";"69";"75";"92";"99"
"Electricitat";"REG JARDÍ DEL DOCTOR FIGUERAS";"Altres";"";"0";"22";"23";"5";"5";"6";"5";"5";"4";"2";"1";"0";"0";"24";"23";"24";"24";"24";"24";"24";"24";"23";"23";"22";"23"
"Electricitat";"FONT DEL FERRO";"Altres";"";"0";"15";"15";"1";"1";"7";"9";"8";"8";"6";"6";"3";"3";"16";"14";"15";"14";"16";"16";"16";"16";"15";"15";"15";"15"
"Electricitat";"REIXA SÈQUIA MONAR MARISTES";"Altres";"";"0";"153";"173";"130";"210";"458";"576";"774";"778";"759";"803";"809";"925";"66";"58";"43";"56";"97";"116";"149";"149";"145";"153";"153";"173"
"Electricitat";"POU MONTSERRAT";"Altres";"";"0";"75";"77";"87";"75";"84";"88";"1637";"2699";"2025";"89";"75";"78";"79";"73";"79";"74";"78";"77";"381";"562";"433";"79";"75";"77"
"Electricitat";"MOTORS JARDINS DEVESA";"Altres";"";"0";"43";"44";"7";"7";"10";"9";"7";"7";"7";"8";"11";"10";"44";"41";"44";"42";"44";"43";"44";"44";"43";"44";"43";"44"
"Electricitat";"CASETA DE LA DEVESA";"Cultural";"";"0";"63";"68";"38";"25";"25";"25";"27";"45";"56";"52";"27";"37";"71";"72";"67";"63";"65";"63";"65";"68";"68";"70";"63";"68"
"Electricitat";"ASSOCIACIÓ VEÏNS DE LA DEVESA";"Cultural";"";"0";"648";"373";"787";"762";"788";"762";"1864";"2941";"2038";"2310";"3911";"1493";"754";"500";"255";"247";"255";"268";"444";"571";"423";"441";"648";"373"
"Electricitat";"CEMENTIRI";"Altres";"";"0";"200";"259";"591";"470";"425";"357";"359";"362";"351";"622";"1.051";"1.392";"213";"216";"125";"105";"98";"86";"87";"88";"85";"130";"200";"259"
"Electricitat";"CEMENTIRI DE SANTA EUGÈNIA";"Altres";"";"0";"18";"18";"0";"0";"0";"1";"0";"0";"0";"0";"0";"0";"18";"17";"18";"18";"19";"19";"18";"18";"18";"18";"18";"18"
"Electricitat";"CENTRE CULTURAL LA MERCÈ";"Cultural";"";"0";"2478";"2185";"9290";"1777";"3553";"11889";"13587";"7925";"10698";"8861";"11020";"11761";"2817";"2776";"1869";"822";"1091";"2168";"2460";"1705";"2008";"1797";"2478";"2185"
"Electricitat";"CENTRE CÍVIC DEL TER / BIBLIOTECA ANTÒNIA ADROHER";"Cultural";"";"0";"2.879";"3.523";"12.501";"3.877";"3.892";"10.208";"17.042";"15.342";"13.573";"13.866";"14.850";"19.266";"3.877";"3.199";"2.562";"1.358";"1.413";"2.285";"3.359";"3.179";"2.758";"2.885";"2.879";"3.523"
"Electricitat";"CENTRE CÍVIC PLA DE PALAU / BIBLIOTECA ERNEST LLUCH";"Cultural";"";"0";"978";"1.284";"5.549";"1.829";"2.549";"3.984";"7.457";"6.055";"5.086";"4.936";"5.180";"7.492";"1.639";"1.304";"1.051";"593";"684";"860";"1.376";"1.164";"1.003";"985";"978";"1.284"
"Electricitat";"CENTRE CÍVIC PONT MAJOR / BIBLIOTECA JUST M. CASERO";"Cultural";"";"0";"1.703";"2.184";"6.079";"2.358";"3.224";"5.760";"8.441";"9.598";"7.937";"8.346";"9.309";"12.859";"2.937";"1.948";"1.217";"719";"830";"1.196";"1.625";"1.753";"1.487";"1.638";"1.703";"2.184"
"Electricitat";"CONSULTORI PONT MAJOR";"Sanitari";"";"0";"268";"331";"1.036";"259";"322";"525";"660";"799";"570";"679";"1.129";"1.450";"408";"277";"253";"108";"122";"157";"184";"210";"165";"188";"268";"331"
"Electricitat";"COOPERACIÓ";"Oficina";"";"0";"243";"252";"861";"718";"655";"713";"1064";"1059";"1009";"1087";"1.233";"1.271";"269";"281";"183";"159";"150";"158";"216";"216";"206";"220";"243";"252"
"Electricitat";"PLAÇA JURATS";"Cultural";"";"0";"274";"614";"824";"42";"44";"60";"1821";"1.736";"261";"805";"1.183";"3.022";"851";"632";"210";"64";"66";"68";"447";"398";"105";"206";"274";"614"
"Electricitat";"MAS ABELLA";"Cultural";"";"0";"234";"239";"865";"684";"774";"777";"1.242";"1.159";"845";"939";"968";"975";"293";"240";"217";"182";"200";"199";"286";"271";"212";"231";"234";"239"
"Electricitat";"SERVEI MUNICIPAL D'OCUPACIÓ";"Oficina";"";"0";"1.388";"1.512";"6850";"3339";"2419";"6544";"10109";"7498";"6348";"7628";"8967";"9.957";"1526";"1174";"1121";"681";"589";"1229";"1785";"1300";"1131";"1250";"1388";"1512"
"Electricitat";"CASETA JARDINERS PEDRET";"Altres";"";"0";"73";"78";"134";"101";"81";"74";"90";"91";"82";"84";"227";"252";"97";"87";"59";"52";"50";"48";"52";"52";"49";"51";"73";"78"
"Electricitat";"LOCAL SOCIAL SANT DANIEL CAN PRIMI";"Oficina";"";"0";"87";"89";"145";"120";"115";"110";"176";"188";"105";"100";"83";"84";"99";"138";"100";"93";"95";"91";"106";"108";"90";"92";"87";"89"
"Electricitat";"FUNDACIO ESCOLA ART FLORAL";"Oficina";"";"0";"147";"160";"291";"212";"235";"231";"239";"239";"436";"474";"785";"863";"215";"202";"67";"53";"57";"56";"58";"58";"90";"96";"147";"160"
"Electricitat";"REPETIDOR TORRE ALFONS XII";"Altres";"";"0";"62";"63";"151";"146";"148";"141";"136";"129";"136";"150";"130";"125";"68";"64";"67";"65";"67";"64";"65";"64";"64";"67";"62";"63"
"Electricitat";"HABITATGE MUNICIPAL CAN COLOMER";"Residencial";"";"0";"91";"94";"407";"396";"409";"396";"409";"409";"397";"410";"396";"409";"94";"87";"94";"91";"95";"91";"94";"94";"92";"95";"91";"94"
"Electricitat";"HABITATGE MUNICIPAL FONTAJAU 5- 8E 4A";"Residencial";"";"0";"40";"42";"178";"173";"123";"109";"103";"102";"121";"127";"133";"138";"45";"44";"48";"47";"39";"36";"36";"36";"38";"40";"40";"42"
"Electricitat";"HABITATGE MUNICIPAL ST GREGORI 89- 6E 1A";"Residencial";"";"0";"48";"53";"64";"60";"53";"49";"56";"57";"50";"52";"179";"205";"32";"30";"30";"28";"28";"26";"28";"28";"27";"27";"48";"53"
"Electricitat";"LOCAL D'INCASOL CEDIT L'ÚS A L'AJUNTAMENT";"Oficina";"";"0";"18";"18";"0";"0";"0";"0";"0";"1";"0";"1";"0";"0";"18";"17";"18";"18";"18";"18";"19";"19";"19";"19";"18";"18"
"Electricitat";"ANTIGUES ESCOLES CAMPDORÀ";"Cultural";"";"0";"43";"44";"401";"355";"270";"266";"280";"251";"191";"175";"124";"118";"95";"87";"89";"81";"68";"66";"69";"65";"54";"52";"43";"44"
"Electricitat";"CAPELLA DE SANT NICOLAU";"Cultural";"";"0";"1212";"1012";"3984";"3654";"1789";"1361";"347";"274";"1485";"1578";"3808";"4019";"894";"859";"693";"638";"335";"264";"99";"87";"284";"300";"1212";"1012"
"Electricitat";"LOCAL SOCIAL GRUP SANT DANIEL";"Oficina";"";"0";"57";"60";"18";"20";"25";"21";"17";"17";"17";"18";"19";"18";"59";"56";"59";"58";"60";"58";"59";"59";"57";"59";"57";"60"
"Electricitat";"LOCAL SOCIAL SANT DANIEL";"Cultural";"";"0";"125";"132";"477";"343";"248";"216";"401";"436";"296";"292";"360";"385";"377";"371";"147";"123";"109";"102";"134";"140";"115";"117";"125";"132"
"Electricitat";"LOCAL SOCIAL DE MONTJUÏC";"Cultural";"";"0";"175";"220";"407";"225";"228";"263";"345";"305";"304";"682";"-30";"422";"421";"278";"217";"174";"179";"182";"201";"192";"191";"228";"175";"220"
"Electricitat";"ANTIC COM RADIO";"Cultural";"";"0";"0";"0";"0";"0";"0";"0";"0";"0";"0";"0";"0";"0";"0";"0";"0";"0";"0";"0";"0";"0";"0";"0";"0";"0"
"Electricitat";"LOCAL SOCIAL DE LA TORRASSA";"Cultural";"";"0";"116";"204";"1372";"617";"325";"33";"105";"38";"41";"55";"324";"786";"610";"412";"310";"170";"118";"62";"77";"65";"64";"68";"116";"204"
"Electricitat";"LOCAL SOCIAL MONTILIVI";"Oficina";"";"0";"174";"242";"842";"731";"732";"685";"620";"590";"563";"560";"554";"914";"349";"300";"224";"202";"206";"195";"187";"183";"175";"177";"174";"242"
"Electricitat";"OFICINA MUNICIPAL HABITATGE";"Oficina";"";"0";"139";"142";"391";"333";"409";"414";"645";"697";"718";"753";"682";"695";"132";"132";"92";"81";"95";"95";"133";"142";"144";"151";"139";"142"
"Electricitat";"HABITATGE MUNICIPAL ST. GREGORI 89- 5E 4A";"Residencial";"";"0";"38";"39";"130";"127";"140";"138";"133";"131";"114";"117";"116";"121";"38";"36";"40";"39";"42";"41";"41";"40";"37";"38";"38";"39"
"Electricitat";"AJUNTAMENT";"Oficina";"";"0";"6895";"8000";"37659";"28194";"30806";"40986";"56605";"52172";"43788";"38950";"42015";"51200";"8132";"6835";"6352";"5170";"5606";"6886";"9013";"8400";"7249";"6592";"6895";"8000"
"Electricitat";"LOCAL D'INCASOL CEDIT L'ÚS A L'AJUNTAMENT";"Oficina";"";"0";"19";"19";"2";"1";"1";"2";"4";"4";"5";"6";"2";"1";"20";"19";"19";"19";"19";"19";"20";"20";"19";"20";"19";"19"
"Electricitat";"CINEMA TRUFFAUT - RÀDIO";"Cultural";"";"0";"0";"0";"0";"0";"0";"0";"0";"0";"0";"0";"0";"0";"0";"0";"0";"0";"0";"0";"0";"0";"0";"0";"0";"0"
"Electricitat";"HOTEL INFORM";"Oficina";"";"0";"50";"51";"132";"113";"12";"62";"237";"215";"121";"112";"54";"53";"70";"60";"64";"60";"45";"51";"81";"78";"61";"61";"50";"51"
"Electricitat";"ANTIGA CASA PASTORA";"Oficina";"";"0";"49";"50";"37";"33";"33";"32";"32";"32";"81";"83";"79";"81";"62";"44";"43";"41";"42";"41";"42";"42";"49";"51";"49";"50"
"Electricitat";"POLICIA MUNICIPAL";"Oficina";"";"0";"2064";"2211";"4618";"11732";"21394";"17034";"18520";"18329";"15151";"14718";"15042";"16279";"2305";"1874";"821";"1655";"2809";"2416";"2768";"2751";"2235";"2086";"2064";"2211"
"Electricitat";"ESCOLA MIGDIA";"Educació";"";"0";"1.261";"1.300";"3.814";"2.230";"1.916";"2.287";"2.671";"2.667";"5.087";"7.246";"7.493";"7.715";"1.065";"1.028";"778";"561";"531";"576";"635";"636";"957";"1.236";"1.261";"1.300"
"Electricitat";"ESCOLA STA. EUGÈNIA";"Educació";"";"0";"579";"612";"1.427";"1.176";"1.128";"1.079";"881";"867";"2.149";"2.317";"3.134";"3.324";"592";"561";"302";"259";"253";"243";"213";"211";"417";"447";"579";"612"
"Electricitat";"ESCOLA DALMAU CARLES";"Educació";"";"0";"881";"741";"3.449";"1.635";"1.756";"2.442";"2.143";"1447";"4.141";"4.783";"5.270";"4.093";"826";"832";"661";"429";"452";"532";"509";"421";"760";"852";"881";"741"
"Electricitat";"ESCOLA MARE DE DEU DEL MONT";"Educació";"";"0";"655";"671";"2.871";"0";"920";"2.122";"1.209";"919";"2.451";"3.213";"3.993";"3.999";"587";"582";"523";"163";"273";"411";"315";"277";"473";"575";"655";"671"
"Electricitat";"ESCOLA VILA-ROJA";"Educació";"";"0";"625";"688";"2.334";"52";"1.855";"1.991";"2.123";"4.863";"-2.294";"451";"2.453";"2.843";"670";"647";"615";"334";"561";"565";"598";"948";"807";"603";"625";"688"
"Electricitat";"ESCOLA PLA DE GIRONA";"Educació";"";"0";"1.529";"1.258";"5.240";"1.867";"1.632";"2.712";"2.314";"1.938";"6.289";"8.238";"9.076";"6.965";"1448";"1393";"1059";"579";"565";"698";"661";"611";"1172";"1485";"1529";"1258"
"Electricitat";"ESCOLA FONT DE LA POLVORA";"Educació";"";"0";"479";"473";"2.043";"0";"1.721";"1.864";"953";"954";"921";"1.517";"2.611";"2.464";"528";"498";"403";"158";"380";"389";"268";"269";"263";"352";"479";"473"
"Electricitat";"ESCOLA MONTJUÏC";"Educació";"";"0";"634";"526";"7";"7";"1";"5.453";"1.256";"1.280";"2.554";"3.264";"3.577";"2.870";"569";"608";"178";"172";"177";"826";"342";"346";"505";"644";"634";"526"
"Electricitat";"ESCOLA CASSIA COSTAL";"Educació";"";"0";"1.191";"1.150";"4.035";"3.761";"3.378";"3.441";"3434";"2.893";"4.866";"7.124";"6.781";"6.480";"1274";"1319";"865";"814";"760";"755";"763";"691";"938";"1247";"1191";"1150"
"Electricitat";"CEE FONT DE L'ABELLA";"Educació";"";"0";"1.071";"1.141";"4.686";"409";"3.840";"5.087";"5.586";"2.881";"3.192";"6.055";"6.441";"6.798";"1.068";"1.055";"843";"305";"739";"883";"949";"615";"661";"1.032";"1.071";"1.141"
"Electricitat";"ESCOLA JOAN BRUGUERA";"Educació";"";"0";"1.031";"973";"0";"2.602";"5.762";"4.169";"2.497";"2.358";"3.888";"6.194";"5.934";"5.456";"1.028";"739";"303";"612";"1.009";"804";"609";"593";"784";"1.089";"1.031";"973"
"Electricitat";"ESCOLA PERICOT BARRACONS";"Educació";"";"0";"1.630";"2.674";"6.531";"1.902";"1.063";"1.866";"1.841";"712";"3.047";"6.162";"10.228";"17.413";"2.409";"1.754";"1.170";"579";"486";"580";"585";"441";"739";"1.306";"1.630";"2.674"
"Electricitat";"ESCOLA BALANDRAU";"Educació";"";"0";"964";"996";"7.466";"0";"373";"3.295";"4.096";"8647";"7.937";"6.422";"6.214";"6.421";"1.120";"1.271";"1.383";"203";"256";"612";"708";"1251";"1161";"996";"964";"996"
"Electricitat";"ESCOLA VERD";"Educació";"";"0";"973";"938";"2.198";"1.558";"1.501";"1.459";"1578";"2.050";"2.945";"3.669";"4.905";"4.742";"1.014";"818";"573";"462";"432";"433";"472";"548";"681";"800";"973";"938"
"Electricitat";"ESCOLA EIXIMENIS";"Educació";"";"0";"792";"687";"2.244";"1.670";"1.242";"1.273";"1.488";"2.068";"3.616";"4.068";"4.721";"4.061";"650";"717";"389";"294";"225";"229";"265";"360";"612";"686";"792";"687"
"Electricitat";"CEE PALAU";"Educació";"";"0";"622";"555";"3.133";"1.237";"1.118";"1.516";"1.041";"1.068";"2.936";"3.620";"3.658";"3.080";"796";"751";"569";"333";"326";"371";"335";"306";"544";"634";"622";"555"
"Electricitat";"ESCOLA TAIALÀ";"Educació";"";"0";"1.718";"1.638";"6.794";"2.858";"2.918";"4.422";"4.279";"2.843";"7.675";"9.226";"11.016";"10.086";"1689";"1521";"1186";"675";"697";"870";"873";"687";"1325";"1548";"1718";"1638"
"Electricitat";"ESCOLA ANNEXA-JOAN PUIGBERT";"Educació";"";"0";"1.053";"978";"4.393";"1.641";"1.617";"2.261";"2.525";"2.115";"4.629";"5.882";"6.508";"5.894";"1.118";"1.028";"791";"431";"437";"511";"551";"497";"820";"980";"1.053";"978"
"Electricitat";"ESCOLA MONTFALGARS";"Educació";"";"0";"1.168";"1.001";"4.114";"393";"1.988";"2.802";"2.710";"1.716";"5.559";"6.337";"7.016";"5.672";"1.022";"1.081";"801";"322";"522";"616";"619";"487";"977";"1.088";"1.168";"1.001"
"Electricitat";"ESCOLA BRESSOL EL TREN";"Educació";"";"0";"300";"269";"725";"219";"280";"533";"570";"236";"1.187";"1.125";"1.327";"1.145";"378";"306";"191";"96";"110";"154";"163";"101";"283";"265";"300";"269"
"Electricitat";"ESCOLA BRESSOL GARBÍ";"Educació";"";"0";"316";"309";"838";"288";"362";"997";"1.493";"768";"1254";"1.369";"1.571";"1.533";"399";"304";"202";"119";"132";"236";"327";"183";"262";"320";"316";"309"
"Electricitat";"CAMP DE FUTBOL DE VILAROJA";"Esportiu";"";"0";"396";"428";"864";"597";"568";"509";"461";"419";"555";"737";"706";"831";"474";"444";"429";"373";"378";"359";"362";"355";"367";"408";"396";"428"
"Electricitat";"PAVELLÓ DE SANTA EUGÈNIA";"Esportiu";"";"0";"564";"755";"4582";"4432";"4581";"1532";"2624";"2643";"4685";"4114";"2.884";"4.234";"795";"741";"792";"767";"792";"399";"537";"524";"789";"728";"564";"755"
"Electricitat";"ZONA ESPORTIVA DEVESA";"Esportiu";"";"0";"1.926";"1.648";"4.004";"2.542";"10.441";"13.893";"19.768";"24.262";"23.455";"17.842";"13.223";"10.747";"1173";"1066";"868";"666";"1596";"2005";"2708";"3242";"3130";"2509";"1926";"1648"
"Electricitat";"CAMP DE FUTBOL DE CAN GIBERT";"Esportiu";"";"0";"504";"798";"2.866";"914";"826";"880";"1.040";"1.467";"2.906";"2.780";"1.499";"3.134";"1.205";"1.176";"753";"382";"377";"373";"406";"498";"735";"738";"504";"798"
"Electricitat";"PAVELLÓ DE PALAU";"Esportiu";"";"0";"1.178";"1.375";"3.820";"5.264";"2.669";"1.595";"3.296";"2.842";"4.977";"5.683";"4.709";"5.799";"1.902";"1.749";"1001";"1206";"737";"601";"910";"798";"1.188";"1.332";"1.178";"1.375"
"Electricitat";"PAVELLÓ DE VILA-ROJA";"Esportiu";"";"0";"666";"755";"1.981";"1.370";"1.078";"938";"2.213";"2.126";"1.582";"3.727";"3.743";"4.408";"781";"623";"468";"394";"370";"361";"556";"499";"406";"672";"666";"755"
"Electricitat";"PISTA ESPORTIVA FONTAJAU";"Esportiu";"";"0";"34";"35";"6";"5";"7";"5";"5";"6";"1";"0";"0";"0";"37";"35";"37";"36";"37";"36";"37";"37";"35";"35";"34";"35"
"Electricitat";"PISCINA CAN GIBERT DEL PLA";"Piscina";"";"0";"3311";"3902";"21696";"15767";"17981";"20942";"34513";"29987";"21542";"26953";"22309";"26998";"4013";"3717";"3269";"2536";"2829";"3160";"4532";"4192";"3225";"3884";"3311";"3902"
"Electricitat";"CAMP DE FUTBOL GERMANS SÀBAT";"Esportiu";"";"0";"736";"855";"3.356";"1.301";"2.433";"2.206";"2.859";"3.803";"4.954";"4.476";"2.493";"3.643";"1.356";"1.292";"900";"535";"663";"651";"737";"850";"1.011";"982";"736";"855"
"Electricitat";"PISTA DE BOTXES";"Esportiu";"";"0";"0";"0";"744";"457";"482";"457";"601";"872";"739";"25";"0";"0";"168";"-168";"150";"106";"111";"106";"126";"162";"148";"5";"0";"0"
"Electricitat";"PISCINA DE PALAU";"Piscina";"";"0";"3254";"4.569";"22959";"14151";"14507";"19756";"23966";"12584";"24165";"24.784";"20.369";"26889";"5619";"4239";"3374";"2217";"2283";"2886";"3406";"2051";"3409";"3541";"3254";"4569"
"Electricitat";"CAMP DE FUTBOL DE FONTAJAU";"Esportiu";"";"0";"912";"1414";"5317";"3629";"3008";"2994";"3088";"3008";"5041";"5453";"4336";"5899";"1831";"1562";"1194";"678";"601";"592";"661";"728";"982";"1164";"912";"1414"
"Electricitat";"PAVELLÓ DE FONTAJAU";"Esportiu";"";"0";"4.940";"7.065";"31.359";"19.939";"9.035";"11.437";"16.192";"13.912";"19.737";"20.603";"25.293";"40.797";"7.408";"5.920";"5.765";"4.160";"2.937";"3.183";"3.857";"3.566";"4.249";"4.426";"4.940";"7.065"
"Electricitat";"PAVELLÓ DE PONT MAJOR";"Esportiu";"";"0";"421";"664";"2.121";"665";"1.004";"759";"1.550";"1.121";"2.946";"3.179";"1.917";"3.218";"834";"846";"453";"237";"305";"266";"380";"311";"536";"594";"421";"664"
"Electricitat";"PISTA ESPORTIVA FONT DE LA PÓLVORA";"Esportiu";"";"0";"138";"141";"341";"264";"253";"210";"412";"620";"600";"621";"591";"594";"125";"90";"97";"85";"84";"76";"110";"144";"139";"144";"138";"141"
"Electricitat";"CAMP DE FUTBOL TORRES DE PALAU";"Esportiu";"";"0";"1.130";"997";"6.065";"0";"1.971";"2.068";"2.544";"2.625";"4.966";"5.408";"4.574";"4.591";"1.539";"1292";"1230";"346";"622";"621";"705";"717";"1045";"1133";"1130";"997"
"Electricitat";"PISTA ESPORTIVA TORRE GIRONELLA";"Esportiu";"";"0";"51";"-55";"203";"144";"127";"123";"123";"147";"305";"252";"260";"-620";"48";"38";"50";"38";"35";"34";"34";"39";"47";"48";"51";"-55"
"Electricitat";"L'ESTACIÓ ESPAI JOVE";"Oficina";"";"0";"407";"523";"822";"795";"989";"1.823";"4.281";"2.617";"2.277";"2.080";"2.043";"2.911";"270";"252";"270";"262";"291";"388";"723";"528";"445";"423";"407";"523"
"Electricitat";"PROMOCIÓ DE LA SALUT";"Oficina";"";"0";"404";"511";"428";"406";"466";"1053";"1942";"1606";"877";"1036";"2049";"2805";"347";"321";"207";"198";"210";"295";"424";"374";"265";"286";"404";"511"
"Electricitat";"WC PLAÇA SANTA EUGÈNIA";"Altres";"";"0";"168";"173";"413";"364";"101";"79";"105";"113";"216";"245";"886";"916";"176";"124";"91";"82";"40";"36";"41";"42";"58";"64";"168";"173"
"Electricitat";"WC CARME";"Altres";"";"0";"26";"28";"13";"13";"14";"14";"15";"18";"23";"33";"49";"53";"22";"20";"21";"21";"21";"21";"21";"22";"22";"24";"26";"28"
"Electricitat";"WC PLAÇA INDEPENDÈNCIA";"Altres";"";"0";"85";"86";"54";"53";"54";"272";"378";"378";"366";"378";"366";"362";"-81";"-35";"35";"34";"35";"70";"88";"88";"85";"88";"85";"86"
"Electricitat";"ASCENSOR PUJADA SANT MARTÍ";"Altres";"";"0";"62";"65";"201";"170";"150";"151";"165";"163";"154";"151";"128";"131";"88";"84";"76";"69";"67";"66";"70";"69";"66";"67";"62";"65"
"Electricitat";"VIVERS HORTES SANTA EUGÈNIA";"Altres";"";"0";"202";"613";"1102";"496";"157";"207";"524";"301";"430";"893";"794";"3018";"425";"307";"261";"147";"87";"94";"154";"113";"135";"222";"202";"613"
"Electricitat";"JARDINS DELS ALEMANYS";"Altres";"";"0";"41";"43";"580";"416";"12";"0";"0";"0";"0";"0";"1";"0";"123";"119";"138";"103";"26";"39";"41";"41";"39";"41";"41";"43"
"Electricitat";"BRIGADES OBRES";"Altres";"";"0";"1818";"2245";"11311";"9098";"7214";"7008";"7247";"6417";"6522";"9320";"11902";"15372";"2454";"2223";"1728";"1548";"1373";"1329";"1298";"1188";"1188";"1643";"1818";"2245"
"Electricitat";"MERCAGIRONA";"Oficina";"";"0";"1211";"1264";"7499";"6508";"6371";"6084";"6566";"6279";"6148";"6797";"7288";"7663";"1336";"1197";"1241";"1067";"1074";"1034";"1107";"1069";"1037";"1125";"1211";"1264"
"Electricitat";"WC CARPES DEVESA";"Altres";"";"0";"61";"66";"544";"466";"427";"388";"347";"168";"206";"209";"220";"237";"132";"117";"115";"101";"96";"88";"82";"53";"59";"60";"61";"66"
"Electricitat";"OFICINA MERCAT AMBULANT";"Oficina";"";"0";"166";"159";"604";"536";"397";"402";"476";"475";"455";"526";"790";"730";"231";"155";"137";"125";"103";"103";"116";"116";"112";"125";"166";"159"
"Electricitat";"MERCAT LLEÓ";"Oficina";"";"0";"4.861";"4.699";"36.439";"35.895";"52.914";"57.050";"74.416";"70.084";"54.644";"33.882";"26.443";"24.434";"7.781";"6.316";"6.027";"5.891";"8.274";"8.601";"10.657";"10.125";"8.291";"5.851";"4.861";"4.699"
"Electricitat";"MUSEU D'HISTÒRIA";"Cultural";"";"0";"1.883";"2.656";"0";"15.547";"28.351";"16.264";"11.752";"11.586";"9.522";"9.607";"12.757";"19.169";"3.171";"1.296";"350";"2.308";"3.941";"2.385";"1.876";"1.866";"1.552";"1.541";"1.883";"2.656"
"Electricitat";"PUNT DE LECTURA TORRE GIRONELLA";"Cultural";"";"0";"18";"18";"50";"41";"33";"31";"45";"45";"33";"35";"75";"77";"23";"20";"14";"12";"11";"10";"13";"13";"11";"11";"18";"18"
"Electricitat";"REG MAS MASÓ";"Altres";"";"0";"24";"25";"1";"0";"0";"0";"0";"0";"0";"0";"0";"0";"25";"30";"26";"24";"25";"24";"25";"25";"24";"25";"24";"25"
"Electricitat";"SALA FIDEL AGUILAR";"Oficina";"";"0";"520";"854";"3.028";"2.011";"4.240";"1.730";"2.686";"2.881";"2.132";"2.310";"3.120";"5.376";"834";"732";"508";"382";"658";"355";"483";"507";"407";"431";"520";"854"
"Electricitat";"OFICINA PLA DE BARRIS";"Oficina";"";"0";"61";"62";"127";"123";"126";"121";"121";"119";"119";"146";"176";"175";"47";"78";"54";"52";"54";"52";"53";"53";"51";"57";"61";"62"
"Electricitat";"LLAR D'AVIS TAIALÀ";"Cultural";"";"0";"339";"305";"1464";"0";"1514";"1380";"2071";"1899";"1720";"1320";"1700";"1323";"309";"354";"322";"138";"319";"314";"409";"384";"371";"308";"339";"305"
"Electricitat";"ESCOLA BRESSOL LA BALDUFA";"Educació";"";"0";"783";"720";"2077";"0";"4523";"1465";"1739";"1688";"2158";"1720";"4843";"4317";"702";"525";"454";"188";"732";"369";"411";"402";"450";"405";"783";"720"
"Electricitat";"CENTRE JOVE SALUT INTEGRAL";"Oficina";"";"0";"213";"228";"570";"397";"441";"245";"485";"485";"661";"697";"1074";"1156";"301";"286";"130";"101";"109";"76";"118";"118";"146";"153";"213";"228"
"Electricitat";"CENTRE OBERT GÜELL";"Oficina";"";"0";"214";"268";"635";"234";"273";"356";"497";"240";"409";"479";"802";"1.057";"248";"238";"196";"140";"149";"156";"178";"144";"163";"175";"214";"268"
"Electricitat";"CENTRE DE DIA FONT PÓLVORA";"Oficina";"";"0";"208";"220";"1641";"1517";"1434";"1369";"950";"934";"877";"906";"1054";"1114";"400";"305";"297";"284";"271";"259";"192";"190";"179";"185";"208";"220"
"Electricitat";"LLAR D'AVIS SANT JOAN";"Cultural";"";"0";"197";"201";"2.875";"3.800";"3.926";"1.998";"1.082";"1.045";"1.147";"1.214";"1.078";"1.098";"71";"66";"473";"618";"647";"347";"199";"193";"209";"220";"197";"201"
"Electricitat";"LOCAL SOCIAL C/HORTÈNSIA";"Cultural";"";"0";"66";"59";"268";"176";"110";"134";"166";"176";"181";"221";"265";"215";"114";"109";"67";"52";"42";"45";"51";"52";"52";"60";"66";"59"
"Electricitat";"CENTRE CÍVIC PEDRET";"Cultural";"";"0";"160";"233";"597";"240";"233";"331";"587";"262";"592";"747";"539";"925";"205";"205";"172";"105";"106";"122";"171";"111";"170";"260";"160";"233"
"Electricitat";"CENTRE CÍVIC SANTA EUGÈNIA";"Cultural";"";"0";"436";"1.002";"2.211";"1670";"1710";"1916";"3698";"2546";"2641";"2255";"2246";"4.741";"989";"833";"465";"362";"372";"478";"836";"716";"490";"444";"436";"1002"
"Electricitat";"BANC D'ALIMENTS";"Oficina";"";"0";"73";"73";"265";"226";"252";"283";"329";"334";"287";"194";"166";"150";"116";"94";"93";"84";"90";"95";"104";"105";"95";"80";"73";"73"
"Electricitat";"MAGATZEM JOSEP MA PRAT";"Altres";"";"0";"39";"41";"230";"219";"275";"266";"170";"170";"121";"125";"102";"104";"65";"63";"61";"59";"68";"66";"51";"51";"43";"44";"39";"41"
"Electricitat";"CENTRE CÍVIC ONYAR";"Cultural";"";"0";"1954";"2218";"12145";"2397";"3102";"5406";"10087";"8542";"5800";"7189";"10103";"12546";"3217";"2154";"1993";"770";"889";"1208";"1796";"1551";"1248";"1535";"1954";"2218"
"Electricitat";"CENTRE CÍVIC SANT NARCÍS";"Cultural";"";"0";"2.293";"2547";"10078";"4246";"4679";"8092";"13.503";"11891";"9604";"9381";"11656";"14959";"3489";"2817";"1981";"1246";"1317";"1717";"2381";"2167";"1926";"1933";"2293";"2547"
"Electricitat";"LOCAL SOCIAL GRUP GIRONA";"Cultural";"";"0";"19";"20";"7";"7";"7";"7";"7";"7";"7";"7";"6";"6";"20";"19";"20";"19";"20";"20";"20";"20";"19";"20";"19";"20"
"Electricitat";"CENT LLARS";"Oficina";"";"0";"231";"268";"831";"154";"211";"316";"468";"536";"367";"613";"953";"1140";"364";"283";"211";"85";"97";"114";"144";"157";"124";"171";"231";"268"
"Electricitat";"LOCAL SOCIAL NOGUER";"Oficina";"";"0";"94";"100";"394";"384";"276";"249";"439";"446";"315";"321";"517";"550";"123";"67";"74";"72";"55";"50";"82";"83";"61";"62";"94";"100"
"Electricitat";"LOCAL SOCIAL PLAÇA LLIMONER";"Cultural";"";"0";"249";"268";"465";"340";"230";"205";"195";"195";"415";"437";"1.308";"1.417";"191";"189";"108";"91";"75";"69";"69";"69";"104";"108";"249";"268"
"Electricitat";"LOCAL SOCIAL DE VISTA ALEGRE";"Cultural";"";"0";"95";"97";"259";"216";"206";"217";"248";"282";"318";"345";"361";"367";"117";"103";"79";"71";"71";"71";"77";"83";"88";"93";"95";"97"
"Electricitat";"TEATRE MUNICIPAL";"Cultural";"";"0";"4638";"6208";"19133";"6232";"7455";"10368";"16923";"23860";"20167";"22949";"28156";"40421";"5649";"4911";"3558";"2073";"2261";"2560";"3453";"4460";"3941";"4129";"4638";"6208"
"Electricitat";"PUNT DE BENVINGUDA";"Oficina";"";"0";"116";"131";"419";"377";"302";"239";"307";"332";"324";"337";"487";"574";"138";"130";"106";"97";"86";"75";"87";"91";"89";"92";"116";"131"
"Electricitat";"EBAR CREUETA";"Bombeig";"";"0";"22";"23";"21";"20";"19";"21";"21";"20";"20";"20";"20";"18";"23";"22";"23";"22";"23";"23";"23";"23";"22";"23";"22";"23"
"Electricitat";"COMPORTES MARFÀ";"Bombeig";"";"0";"54";"57";"190";"182";"183";"179";"298";"187";"180";"182";"176";"179";"55";"52";"57";"55";"56";"54";"74";"56";"54";"56";"54";"57"
"Electricitat";"Provisional Fires";"Altres";"";"0";"27";"28";"735";"-133";"-1719";"0";"0";"0";"0";"0";"0";"0";"94";"102";"118";"18";"-164";"27";"28";"28";"27";"28";"27";"28"
"Electricitat";"ASSOCIACIÓ DE VEÏNS DE TORRE TAIALÀ";"Cultural";"";"0";"138";"160";"1.186";"1.097";"1.113";"1.064";"1.074";"1.137";"1.160";"1.129";"971";"1.104";"188";"168";"168";"155";"157";"151";"150";"160";"165";"157";"138";"160"
"Electricitat";"ESCOLA BRESSOL L'OLIVERA";"Educació";"";"0";"1042";"1072";"7354";"3708";"802";"3655";"4868";"2376";"4911";"5646";"5842";"6039";"1533";"1330";"1192";"746";"400";"745";"979";"576";"937";"1002";"1042";"1072"
"Electricitat";"ESCOLA DOMENY";"Educació";"";"0";"1724";"1725";"7592";"4595";"4463";"5070";"5197";"4630";"8429";"10117";"10902";"10680";"1667";"1594";"1275";"881";"897";"978";"1001";"915";"1526";"1887";"1724";"1725"
"Electricitat";"PARC DEL MIGDIA";"Altres";"";"0";"1489";"448";"5741";"4908";"12231";"11725";"11244";"13381";"13338";"14143";"9386";"1339";"451";"898";"1034";"894";"1862";"1805";"1914";"2063";"2045";"2147";"1489";"448"
"Electricitat";"ESCOLA EL BOSC DE LA PABORDIA";"Educació";"";"0";"1295";"1862";"6475";"3233";"754";"1021";"945";"237";"2674";"4306";"7255";"11094";"1981";"1496";"1200";"761";"472";"496";"515";"410";"720";"949";"1295";"1862"
"Electricitat";"MAGATZEM REIS MAGS";"Altres";"";"0";"135";"145";"2";"1";"0";"3";"11";"13";"15";"199";"627";"677";"79";"33";"34";"33";"32";"32";"36";"36";"35";"67";"135";"145"
"Electricitat";"EBAR PARADOR GÜELL";"Bombeig";"";"0";"32";"34";"29";"23";"24";"23";"24";"21";"15";"16";"17";"20";"37";"37";"35";"33";"34";"33";"34";"33";"32";"33";"32";"34"
"Electricitat";"Can Borrassó";"Altres";"";"0";"400";"424";"1.592";"960";"722";"687";"851";"828";"870";"822";"807";"924";"529";"480";"505";"419";"398";"383";"414";"413";"407";"412";"400";"424"
"Electricitat";"ESCOLA CARME AUGUET";"Educació";"";"0";"1.028";"882";"1.065";"428";"6.330";"3.756";"3.123";"3.377";"2.984";"4.946";"5.578";"4.448";"1.086";"927";"421";"311";"1.049";"746";"678";"694";"710";"938";"1.028";"882"
"Electricitat";"HABITATGE AURORA BERTRANA I SALAZAR 2 - 1R 6A";"Residencial";"";"0";"75";"95";"967";"901";"646";"290";"283";"269";"231";"209";"317";"431";"208";"208";"182";"171";"130";"71";"71";"69";"62";"59";"75";"95"
"Electricitat";"ESCOLA MARTA MATA";"Educació";"";"0";"1.757";"1.515";"6.151";"2.455";"2.033";"4.122";"2057";"1827";"7.634";"8.690";"10.073";"8.513";"1.442";"1.355";"1.069";"586";"546";"797";"551";"521";"1301";"1472";"1.757";"1.515"
"Electricitat";"CENTRE DE DIA DE SANTA EUGÈNIA";"Oficina";"";"0";"973";"1303";"5568";"2175";"1538";"1653";"2383";"2322";"1804";"4015";"6845";"9076";"1287";"879";"830";"417";"351";"363";"470";"464";"385";"681";"973";"1303"
"Electricitat";"ESPAI JOVE ELS QUÍMICS";"Cultural";"";"0";"819";"684";"1227";"438";"311";"1019";"3286";"719";"849";"1277";"3121";"2239";"904";"766";"393";"234";"227";"362";"751";"275";"335";"458";"819";"684"
"Electricitat";"TANC PLUJA TAIALÀ 4";"Bombeig";"";"0";"9";"9";"20";"18";"19";"18";"19";"19";"18";"19";"19";"19";"9";"8";"9";"8";"9";"9";"9";"9";"8";"9";"9";"9"
"Electricitat";"TANC PLUJA TAIALÀ 2";"Bombeig";"";"0";"6";"6";"0";"0";"0";"0";"0";"0";"0";"0";"0";"0";"5";"5";"5";"5";"5";"5";"5";"5";"5";"5";"6";"6"
"Electricitat";"TANC PLUJA TAIALÀ 1";"Bombeig";"";"0";"29";"31";"34";"31";"26";"22";"22";"23";"24";"26";"38";"45";"30";"28";"28";"27";"27";"26";"27";"27";"26";"27";"29";"31"
"Electricitat";"LA MARFÀ";"Oficina";"";"0";"2.643";"2.862";"10.246";"3.352";"5.044";"9.140";"24.318";"19.305";"18.457";"14.334";"12.932";"14.342";"3.361";"3.203";"2.291";"1.433";"1.672";"2.169";"4253";"3556";"3.450";"2.880";"2.643";"2.862"
"Electricitat";"TANC PLUJA TAIALÀ 3";"Bombeig";"";"0";"9";"9";"21";"20";"20";"20";"20";"20";"19";"20";"19";"20";"9";"8";"9";"9";"9";"9";"9";"9";"9";"9";"9";"9"
"Electricitat";"TANC PLUJA TAIALÀ 5";"Bombeig";"";"0";"22";"22";"0";"0";"0";"0";"0";"0";"0";"0";"0";"0";"22";"21";"22";"21";"22";"21";"22";"22";"21";"22";"22";"22"
"Electricitat";"LOCAL PONT MAJOR 65";"Altres";"";"0";"20";"21";"11";"4";"2";"0";"0";"0";"5";"8";"8";"7";"26";"27";"22";"20";"20";"18";"19";"19";"20";"21";"20";"21"
"Electricitat";"EBAR MARFÀ";"Bombeig";"";"0";"42";"43";"105";"101";"96";"91";"75";"71";"77";"81";"87";"91";"45";"43";"45";"44";"44";"43";"41";"40";"40";"42";"42";"43"
"Electricitat";"ESCOLA BRESSOL LA DEVESA";"Educació";"";"0";"1083";"1249";"4367";"2568";"1312";"1746";"2499";"924";"1837";"3036";"5056";"6086";"1193";"1007";"983";"737";"601";"648";"776";"559";"664";"830";"1083";"1249"
"Electricitat";"EBAR CAMPDORÀ 2";"Bombeig";"";"0";"24";"26";"9";"8";"8";"8";"9";"9";"8";"9";"10";"11";"25";"23";"24";"24";"24";"24";"24";"24";"24";"24";"24";"26"
"Electricitat";"CASTELL MONTJUÏC";"Cultural";"";"0";"48";"49";"83";"0";"18";"40";"53";"58";"119";"-35";"30";"20";"61";"58";"59";"41";"47";"50";"54";"55";"64";"38";"48";"49"
"Electricitat";"SEPARADOR HIDROCARBURS DOMENY";"Bombeig";"";"0";"25";"26";"0";"0";"8623";"924";"106";"107";"104";"107";"103";"108";"8";"8";"8";"8";"1423";"159";"25";"26";"25";"26";"25";"26"
"Electricitat";"PISTA CREC SANT DANIEL";"Cultural";"";"0";"83";"83";"249";"214";"219";"220";"247";"283";"374";"362";"292";"276";"107";"101";"78";"71";"73";"72";"77";"83";"97";"96";"83";"83"
"Electricitat";"HABITATGE AGUDES 69 - 5E 1A";"Residencial";"";"0";"191";"235";"902";"848";"376";"133";"121";"117";"349";"436";"1023";"1283";"206";"188";"172";"162";"86";"46";"44";"44";"81";"96";"191";"235"
"Electricitat";"CENTRE CÍVIC BARRI VELL – MERCADAL";"Cultural";"";"0";"693";"894";"3.314";"1.341";"1.556";"2.017";"2.877";"1922";"2.185";"2.837";"3.772";"4.902";"1.025";"889";"651";"391";"427";"477";"588";"478";"496";"586";"693";"894"
"Electricitat";"ASSOCIACIÓ DE VEÏNS DE PALAU";"Cultural";"";"0";"0";"0";"0";"0";"0";"0";"0";"0";"0";"0";"0";"0";"0";"0";"0";"0";"0";"0";"0";"0";"0";"0";"0";"0"
"Electricitat";"ESCOLA PERICOT";"Educació";"";"0";"1346";"1230";"6251";"2922";"2834";"3156";"2458";"2245";"7435";"8258";"8964";"7899";"1570";"1323";"1030";"615";"614";"639";"583";"524";"1162";"1278";"1346";"1230"
"Electricitat";"WC DOMENY";"Altres";"";"0";"16";"17";"9";"9";"9";"8";"7";"7";"9";"10";"9";"9";"17";"16";"17";"16";"17";"16";"16";"16";"16";"17";"16";"17"
"Electricitat";"PAVELLÓ MONTFALGARS";"Esportiu";"";"0";"362";"407";"1862";"1048";"889";"970";"2142";"1398";"2395";"2819";"2229";"2497";"592";"553";"330";"219";"202";"210";"355";"264";"386";"443";"362";"407"
"Electricitat";"GESTORIA GOMEZ";"Oficina";"";"0";"181";"208";"513";"143";"189";"357";"562";"284";"468";"547";"706";"838";"211";"227";"147";"77";"87";"117";"156";"105";"137";"153";"181";"208"
"Electricitat";"BEATES";"Oficina";"";"0";"861";"634";"1892";"1059";"1317";"3480";"4628";"4368";"3687";"3749";"4265";"2.794";"728";"582";"528";"394";"446";"770";"958";"909";"906";"788";"861";"634"
"Electricitat";"EBAR NESTLE";"Altres";"";"0";"42";"39";"89";"118";"85";"106";"100";"93";"80";"91";"110";"90";"51";"39";"39";"41";"39";"47";"41";"44";"37";"40";"42";"39"
"Electricitat";"CAMP DE FUTBOL DE PONT MAJOR";"Esportiu";"";"0";"943";"1058";"4501";"4055";"2771";"4203";"1384";"3045";"5330";"5269";"4134";"4898";"1654";"851";"995";"912";"776";"956";"610";"807";"1078";"1090";"943";"1058"
"Electricitat";"GUINGUETA FONTAJAU";"Cultural";"";"0";"68";"68";"202";"199";"267";"273";"330";"339";"248";"247";"183";"181";"70";"64";"72";"70";"82";"82";"93";"94";"78";"79";"68";"68"
"Electricitat";"TANC PLUJA COSTABONA";"Altres";"";"0";"136";"109";"150";"323";"138";"308";"102";"102";"100";"197";"248";"57";"139";"122";"127";"147";"122";"148";"116";"118";"112";"130";"136";"109"
"Electricitat";"ASSOCIACIO DE VEÏNS DE L'EIXAMPLE";"Altres";"";"0";"105";"190";"361";"91";"105";"285";"125";"113";"190";"324";"308";"480";"231";"163";"148";"67";"72";"94";"75";"73";"111";"107";"105";"190"
"Electricitat";"WC PERE CALDERS";"Altres";"";"0";"42";"47";"7";"7";"7";"7";"19";"22";"27";"29";"167";"194";"24";"16";"16";"16";"16";"16";"18";"19";"19";"20";"42";"47"
"Electricitat";"DIPÒSIT MUNICIPAL DE VEHICLES";"Altres";"";"0";"168";"332";"333";"1.830";"2.626";"1.469";"1.706";"1.677";"1.412";"1.078";"882";"2.181";"353";"303";"118";"286";"381";"257";"290";"285";"249";"198";"168";"332"
"Electricitat";"PARQUING PLAÇA PALLOL";"Altres";"";"0";"244";"254";"717";"1186";"2495";"1676";"1676";"1632";"1546";"1659";"1575";"1578";"367";"396";"136";"198";"362";"290";"252";"243";"251";"248";"244";"254"
"Electricitat";"FONTAJAU 5 1º 2ª";"Residencial";"";"0";"61";"64";"303";"295";"276";"263";"228";"225";"218";"226";"260";"274";"62";"58";"69";"67";"64";"61";"56";"56";"54";"56";"61";"64"
"Electricitat";"AAVV PALAU - SANT PAU";"Residencial";"";"0";"19";"20";"3";"2";"1";"2";"5";"4";"4";"3";"1";"2";"20";"18";"19";"19";"19";"19";"20";"20";"19";"20";"19";"20"
"Electricitat";"ASCENSOR GRUP SANT DANIEL";"Altres";"";"0";"88";"91";"78";"79";"88";"92";"103";"109";"112";"120";"121";"118";"88";"82";"82";"80";"84";"83";"87";"88";"86";"90";"88";"91"
"Electricitat";"ASCENSOR PUNTA DEL PI";"Altres";"";"0";"42";"44";"72";"69";"72";"70";"74";"74";"74";"77";"78";"81";"43";"40";"37";"40";"42";"40";"42";"42";"41";"43";"42";"44"
"Electricitat";"PLAÇA JORDI DE SANT JORDI";"Oficina";"";"0";"522";"582";"1758";"1229";"2722";"2095";"1429";"1194";"1221";"1995";"1747";"1708";"856";"820";"552";"450";"634";"564";"514";"476";"458";"565";"522";"582"
"Electricitat";"ESTACIÓ RECÀRREGA VEHICLE ELÈCTRIC THARRATS";"Altres";"";"0";"619";"682";"0";"735";"1.629";"1.353";"2.229";"1.960";"2.135";"2.230";"1.277";"1.764";"1030";"929";"386";"468";"595";"634";"1051";"733";"668";"676";"619";"682"
"Electricitat";"ESTACIÓ RECÀRREGA VEHICLE ELÈCTRIC CARDENER";"Altres";"";"0";"965";"1.004";"0";"1.079";"2.230";"135";"91";"6.677";"2.922";"3.073";"2.786";"3.764";"1249";"1218";"386";"522";"693";"391";"398";"1350";"769";"781";"965";"1004"
"Electricitat";"HABITATGE AGUDES 69 - 3R 2A";"Residencial";"";"0";"69";"73";"287";"278";"258";"236";"252";"255";"260";"273";"285";"302";"67";"66";"70";"68";"66";"61";"65";"65";"65";"68";"69";"73"
"Electricitat";"ASCENSOR PICAPEDRERS";"Altres";"";"0";"53";"57";"147";"92";"16";"97";"106";"117";"121";"142";"134";"134";"53";"48";"54";"44";"33";"45";"47";"49";"49";"53";"53";"57"
"Electricitat";"ESCENARI FRONTISSA SANTA EUGÈNIA";"Altres";"";"0";"139";"143";"0";"0";"1";"3";"9";"10";"2";"3";"5";"1";"140";"134";"138";"135";"143";"139";"144";"144";"139";"143";"139";"143"
"Electricitat";"QUIOSC FRONTISSA SANTA EUGÈNIA";"Altres";"";"0";"36";"37";"18";"16";"16";"15";"11";"10";"3";"1";"0";"0";"43";"40";"42";"40";"41";"40";"41";"40";"38";"39";"36";"37"
"Electricitat";"HABITATGE GUADIANA 29 - BX 1A";"Residencial";"";"0";"44";"47";"153";"153";"140";"115";"116";"115";"113";"118";"119";"129";"44";"41";"50";"49";"47";"43";"44";"43";"42";"44";"44";"47"
"Electricitat";"HABITATGE GUADIANA 29 - 2N 3A";"Residencial";"";"0";"99";"107";"369";"369";"382";"370";"383";"384";"363";"365";"376";"413";"87";"80";"99";"98";"101";"98";"101";"101";"97";"98";"99";"107"
"Electricitat";"HABITATGE GUADIANA 29 - 1R 9A";"Residencial";"";"0";"43";"47";"201";"199";"184";"153";"162";"166";"157";"159";"169";"190";"43";"40";"48";"47";"45";"40";"42";"42";"40";"41";"43";"47"
"Electricitat";"EDIFICI HABITATGES TORIN";"Residencial";"";"0";"310";"321";"796";"764";"838";"819";"875";"873";"844";"902";"983";"1.007";"282";"268";"285";"275";"292";"283";"298";"297";"288";"302";"310";"321"
"Electricitat";"HABITATGE GUADIANA 29 - 1R 3A";"Residencial";"";"0";"36";"36";"134";"131";"135";"131";"135";"134";"135";"145";"129";"122";"36";"33";"37";"36";"37";"36";"37";"37";"37";"39";"36";"36"
"Electricitat";"CASA SOLER";"Altres";"";"0";"92";"94";"407";"396";"409";"396";"409";"409";"396";"409";"392";"390";"95";"88";"95";"93";"96";"93";"96";"96";"93";"96";"92";"94"
"Electricitat";"HABITATGE RONDA PEDRET 10- BXS 2";"Residencial";"";"0";"43";"45";"126";"121";"114";"109";"125";"126";"104";"106";"120";"126";"48";"42";"45";"44";"43";"42";"45";"45";"41";"42";"43";"45"
"Electricitat";"CENTRE DE DIA GÜELL";"Altres";"";"0";"198";"214";"373";"273";"274";"292";"276";"276";"335";"427";"482";"579";"196";"192";"187";"170";"174";"172";"175";"175";"178";"194";"198";"214"
"Electricitat";"CENTRE DE DISTRIBUCIÓ D'ALIMENTS SANTA EUGÈNIA";"Oficina";"";"0";"392";"420";"1087";"327";"411";"580";"663";"369";"513";"821";"1455";"1672";"482";"424";"352";"251";"269";"283";"301";"263";"274";"320";"392";"420"
"Electricitat";"ESPAI JOVE GÜELL";"Altres";"";"0";"325";"313";"2889";"2083";"2444";"3732";"4455";"2032";"1651";"1919";"1559";"1413";"515";"519";"504";"398";"453";"631";"723";"387";"340";"381";"325";"313"
"Electricitat";"Quadre de festa";"Altres";"";"0";"311";"578";"492";"364";"778";"500";"539";"595";"621";"741";"1005";"2910";"409";"257";"249";"227";"278";"245";"259";"264";"261";"287";"311";"578"
"Electricitat";"OFICINES BÒLIT";"Oficina";"";"0";"440";"504";"695";"394";"719";"764";"1085";"1289";"701";"1313";"2153";"2682";"537";"463";"237";"186";"230";"237";"297";"335";"231";"316";"440";"504"
"Electricitat";"EVENTUALS NADAL";"Altres";"";"0";"0";"0";"0";"0";"0";"0";"0";"0";"0";"0";"0";"0";"0";"0";"0";"0";"0";"0";"0";"0";"0";"0";"0";"0"
"Electricitat";"HABITATGE GUADIANA 29 - 2N 8A";"Residencial";"";"0";"33";"38";"96";"96";"108";"124";"143";"139";"109";"101";"113";"136";"41";"28";"31";"30";"33";"35";"38";"38";"32";"32";"33";"38"
"Electricitat";"HABITATGE AGUDES 69 - 6E 6A";"Residencial";"";"0";"28";"24";"186";"180";"175";"163";"122";"109";"101";"104";"27";"0";"56";"51";"55";"53";"53";"50";"45";"42";"40";"41";"28";"24"
"Electricitat";"EVENTUALS";"Altres";"";"0";"0";"0";"0";"0";"0";"0";"0";"0";"0";"0";"0";"0";"0";"0";"0";"0";"0";"0";"0";"0";"0";"0";"0";"0"
"Electricitat";"HABITATGE GUADIANA 29_COMUNITAT PROPIETARIS A";"Residencial";"";"0";"221";"226";"260";"190";"251";"301";"475";"453";"438";"468";"447";"443";"211";"196";"203";"186";"202";"202";"230";"227";"221";"230";"221";"226"
"Electricitat";"HABITATGE GUADIANA29_COMUNITAT PROPIETARIS B";"Residencial";"";"0";"179";"185";"308";"285";"202";"185";"175";"142";"146";"151";"134";"144";"193";"181";"204";"196";"192";"185";"189";"185";"180";"186";"179";"185"
"Electricitat";"HABITATGE MONTJUIC 4";"Residencial";"";"0";"51";"53";"174";"169";"151";"142";"157";"157";"160";"166";"193";"203";"50";"45";"48";"47";"45";"42";"45";"46";"45";"47";"51";"53"
"Electricitat";"HABITATGE AGUDES 69 -MAS MASO 1 - 4T 6A";"Residencial";"";"0";"0";"0";"0";"0";"0";"0";"0";"0";"0";"0";"0";"0";"0";"0";"0";"0";"0";"0";"0";"0";"0";"0";"0";"0"
"Electricitat";"HABITATGE RONDA PEDRET 6 - 4T 1A";"Residencial";"";"0";"0";"0";"0";"0";"0";"0";"0";"0";"0";"0";"0";"0";"0";"0";"0";"0";"0";"0";"0";"0";"0";"0";"0";"0"
"Electricitat";"HABITATGE RONDA PEDRET 2 - 3R 2A";"Residencial";"";"0";"0";"0";"0";"0";"0";"0";"0";"0";"0";"0";"0";"0";"0";"0";"0";"0";"0";"0";"0";"0";"0";"0";"0";"0"
"Electricitat";"HABITATGE MONTSENY 32 2 2";"Residencial";"";"0";"0";"0";"0";"0";"0";"0";"0";"0";"0";"0";"0";"0";"0";"0";"0";"0";"0";"0";"0";"0";"0";"0";"0";"0"
"Electricitat";"ANTIC EDIFICI UNED";"Altres";"";"0";"263";"214";"2273";"83";"181";"584";"549";"615";"597";"676";"1042";"607";"632";"430";"400";"148";"164";"212";"212";"219";"212";"226";"263";"214"
"Electricitat";"PARKING HABITATGES GUADIANA";"Residencial";"";"0";"109";"113";"61";"74";"219";"224";"273";"294";"369";"375";"323";"325";"49";"48";"63";"63";"92";"91";"102";"105";"118";"120";"109";"113"
"Gas";"CAMP DE FUTBOL TORRES DE PALAU";"Esportiu";"";"0";"15.370";"13.160";"898";"10.821";"1.654";"2.899";"2.720";"2.864";"2.754";"3.406";"3.397";"7.633";"871";"763";"167";"617";"183";"239";"221";"227";"218";"242";"238";"414"
"Gas";"ESCOLA BRESSOL EL TREN";"Educació";"";"0";"7.389";"6.952";"6.473";"0";"113";"1.126";"1.135";"709";"1.114";"3.360";"4.598";"11.706";"462";"431";"410";"65";"73";"120";"123";"100";"115";"213";"266";"585"
"Gas";" PAVELLÓ DE VILA-ROJA";"Esportiu";"";"0";"17.800";"21.047";"6.496";"5.049";"1.034";"3.449";"15.949";"20.221";"-14201";"-2.227";"3.238";"16.743";"1263";"1180";"438";"365";"155";"261";"798";"983";"-490";"5";"228";"781"
"Gas";" AJUNTAMENT";"Oficina";"";"0";"71.615";"55.393";"5.467";"0";"27.068";"31.472";"27948";"4458";"21";"24.361";"52.875";"67.777";"3.640";"2.828";"399";"129";"1.425";"1.631";"1466";"345";"130";"1118";"2.268";"2.890"
"Gas";" ESCOLA MONTJUÏC";"Educació";"";"0";"17.701";"16.389";"4.586";"0";"3.256";"4869";"4972";"2412";"0";"7877";"17.677";"18.209";"972";"899";"329";"102";"261";"335";"343";"221";"102";"424";"818";"849"
"Gas";" PISCINA DE PALAU";"Piscina";"";"0";"197.289";"166.635";"11.325";"107.968";"22.035";"36.622";"25.997";"31.596";"48.882";"97.455";"104.989";"202.198";"9.847";"8.233";"652";"5.251";"1.152";"1.839";"1.216";"1.450";"2.181";"4.046";"4.344";"8.319"
"Gas";" PAVELLÓ DE SANTA EUGÈNIA";"Esportiu";"";"0";"34.555";"28.155";"1.902";"0";"0";"7.628";"12.163";"11.020";"13.295";"8.372";"9.599";"13.146";"1.810";"1.469";"193";"97";"100";"460";"660";"607";"702";"444";"486";"635"
"Gas";" HABITATGE MUNICIPAL ST. GREGORI 89- 5E 4A";"Residencial";"";"0";"1.270";"1077";"870";"645";"604";"502";"547";"578";"595";"658";"749";"906";"82";"70";"58";"45";"42";"36";"37";"38";"38";"40";"44";"52"
"Gas";" BRIGADES OBRES";"Altres";"";"0";"31.520";"26.425";"7.404";"16.855";"7.605";"328";"114";"0";"26";"4.589";"18.018";"29.777";"1.651";"1.388";"467";"907";"469";"118";"111";"106";"103";"291";"831";"1.324"
"Gas";" OFICINA MUNICIPAL HABITATGE";"Oficina";"";"0";"7.768";"6.919";"707";"10.094";"0";"0";"0";"0";"719";"5.009";"6.265";"8.526";"476";"426";"104";"584";"67";"65";"67";"67";"98";"284";"337";"439"
"Gas";"ESCOLA BRESSOL GARBÍ";"Educació";"";"0";"6.904";"7.978";"561";"3.035";"0";"747";"1.125";"146";"1.030";"4.040";"8.696";"9.628";"433";"481";"96";"220";"67";"103";"119";"73";"112";"241";"442";"487"
"Gas";" TEATRE MUNICIPAL";"Cultural";"";"0";"47575";"38498";"10570";"0";"31.113";"12.964";"0";"0";"6078";"17.083";"24.054";"36.513";"2456";"1995";"640";"120";"1609";"739";"124";"124";"376";"819";"1.093";"1.618"
"Gas";" PISCINA CAN GIBERT DEL PLA";"Piscina";"";"0";"185.328";"157.694";"16.313";"198.611";"47.295";"56.871";"31.195";"34.899";"62.655";"112.393";"112.678";"171.214";"9.283";"7.818";"928";"9.611";"2.389";"2.827";"1.483";"1.623";"2.801";"4.684";"4.688";"7.092"
"Gas";" PAVELLÓ DE FONTAJAU";"Esportiu";"";"0";"126.643";"259.279";"19.031";"207.255";"7.125";"5.807";"5.469";"5.410";"6.280";"8.705";"121.560";"205.341";"6.411";"12.799";"1.079";"10.042";"491";"424";"387";"382";"415";"503";"5.066";"8.498"
"Gas";" ESCOLA MARTA MATA";"Educació";"";"0";"69.719";"51.972";"3.482";"17.505";"3.770";"486";"0";"0";"7.440";"6.694";"32.644";"43.335";"3.569";"2.656";"294";"956";"304";"143";"124";"124";"438";"395";"1.441";"1.885"
"Gas";" ESCOLA BRESSOL LA BALDUFA";"Educació";"";"0";"11.363";"7.827";"5.398";"0";"0";"0";"0";"0";"204";"528";"5.725";"15.224";"732";"486";"361";"70";"73";"70";"73";"73";"79";"95";"322";"743"
"Gas";" PAVELLÓ DE PALAU";"Esportiu";"";"0";"19.458";"13.079";"1.798";"61.650";"29.095";"4.390";"2.938";"2.933";"3.282";"4.284";"7.075";"15.411";"1.187";"835";"253";"3321";"1653";"378";"295";"294";"305";"342";"459";"834"
"Gas";" CAMP DE FUTBOL GERMANS SÀBAT";"Esportiu";"";"0";"5.836";"4.994";"4.471";"2.801";"2.562";"1.803";"1.877";"1.910";"2.816";"4.411";"2.907";"574";"378";"328";"303";"210";"198";"155";"159";"156";"191";"261";"192";"91"
"Gas";" PAVELLÓ DE PONT MAJOR";"Esportiu";"";"0";"20.248";"10.989";"11.747";"5.754";"5.746";"4.007";"3.930";"1.064";"1.128";"4.108";"3.975";"21.286";"1.330";"693";"740";"408";"410";"298";"295";"142";"141";"274";"265";"1.047"
"Gas";" CENTRE CÍVIC SANTA EUGÈNIA";"Cultural";"";"0";"13.109";"10.926";"1.114";"17983";"1772";"1657";"110";"53";"1055";"7462";"11.508";"16.042";"762";"637";"126";"989";"158";"150";"73";"70";"114";"391";"565";"769"
"Gas";" LLAR D'AVIS TAIALÀ";"Cultural";"";"0";"12.921";"9.904";"664";"0";"0";"4716";"4478";"5122";"4895";"326";"44";"14.322";"754";"583";"102";"65";"67";"307";"297";"330";"316";"83";"66";"693"
"Gas";" L'ESTACIÓ ESPAI JOVE";"Oficina";"";"0";"18.185";"12.354";"814";"0";"0";"1566";"56";"0";"0";"5.162";"3.854";"12.369";"1.037";"717";"115";"71";"73";"151";"149";"163";"154";"299";"237";"613"
"Gas";" CENTRE CÍVIC PEDRET";"Cultural";"";"0";"4.582";"3.049";"2.744";"577";"500";"0";"55";"242";"290";"491";"1.499";"5.778";"334";"233";"222";"106";"105";"80";"85";"95";"92";"97";"146";"367"
"Gas";" CAMP DE FUTBOL DE CAN GIBERT";"Esportiu";"";"0";"7.864";"4.739";"5.066";"1.141";"1.103";"0";"0";"0";"0";"0";"0";"0";"543";"315";"337";"126";"131";"124";"129";"128";"124";"130";"125";"125"
"Gas";"ESCOLA DOMENY";"Educació";"";"0";"48.117";"43.839";"3.004";"50.685";"17.338";"2.284";"455";"55";"5.585";"19.310";"38.411";"42.870";"2.489";"2.246";"258";"2.528";"939";"217";"131";"114";"346";"893";"1.662";"1.854"
"Gas";"EDUEBOLIV - ESCOLA BRESSOL L'OLIVERA";"Educació";"";"0";"477";"437";"392";"0";"0";"0";"21";"164";"204";"442";"406";"331";"36";"33";"31";"8";"8";"8";"9";"16";"18";"29";"27";"24"
"Gas";" HABITATGE AGUDES 69 - 3R 1A";"Residencial";"";"0";"0";"0";"0";"0";"0";"0";"0";"0";"0";"0";"0";"0";"0";"0";"0";"0";"0";"0";"0";"0";"0";"0";"0";"0"
"Gas";"LA MARFÀ";"Oficina";"";"0";"30.485";"21.688";"2.162";"11.856";"0";"0";"0";"0";"0";"7.558";"16.341";"23.948";"1.617";"1.165";"217";"674";"111";"108";"111";"111";"108";"417";"769";"1.086"
"Gas";" ESCOLA BRESSOL LA DEVESA";"Educació";"";"0";"460";"483";"468";"291";"301";"289";"232";"40";"110";"358";"462";"715";"35";"36";"35";"24";"25";"24";"21";"10";"13";"25";"30";"43"
"Gas";" ESCOLA PERICOT";"Educació";"";"0";"37.167";"31.666";"9.095";"16.724";"7.573";"162";"0";"0";"6.170";"10.632";"21.716";"26.608";"1.922";"1.638";"543";"895";"461";"104";"100";"100";"356";"534";"975";"1.188"
"Gas";" HABITATGE RONDA PEDRET 6- 2N 2A";"Residencial";"";"0";"286";"1.036";"1.192";"1494";"1333";"440";"456";"460";"701";"1596";"1672";"2257";"18";"67";"76";"92";"84";"34";"35";"34";"45";"88";"92";"122"
"Gas";" EDIFICI HABITATGES TORIN";"Residencial";"";"0";"31.160";"26.149";"1.777";"48.364";"11.606";"7.086";"5.654";"5.069";"5.643";"12.648";"21.417";"31.201";"1.645";"1.377";"192";"2411";"660";"440";"348";"322";"343";"618";"969";"1.374"
"Gas";" ESCOLA EIXIMENIS";"Educació";"";"0";"13.686";"9.141";"872";"1.217";"1571";"152";"0";"0";"0";"3039";"6.259";"15.241";"793";"548";"119";"133";"153";"78";"73";"73";"70";"204";"342";"739"
"Gas";" ESCOLA CASSIA COSTAL";"Educació";"";"0";"5.600";"6.374";"5.057";"6";"4";"0";"0";"0";"583";"2009";"3.376";"6.045";"335";"381";"304";"8";"8";"8";"8";"8";"36";"106";"173";"303"
"Gas";" HABITATGE GUADIANA 29 - BX 1A";"Residencial";"";"0";"679";"317";"339";"241";"283";"583";"578";"219";"236";"598";"634";"1162";"47";"26";"28";"21";"24";"40";"41";"33";"32";"39";"40";"67"
"Gas";" HABITATGE GUADIANA 29 BX-4";"Residencial";"";"0";"1981";"1095";"1170";"519";"581";"966";"955";"333";"429";"1985";"2073";"3558";"122";"71";"76";"37";"41";"61";"63";"54";"56";"108";"114";"208"
"Gas";" HABITATGE AURORA BERTRANA I SALAZAR 2 - 1R 6A";"Residencial";"";"0";"77";"52";"56";"75";"90";"197";"199";"127";"153";"594";"841";"3.339";"9";"7";"8";"9";"10";"16";"17";"16";"17";"39";"53";"200"
"Gas";" HABITATGE GUADIANA 29 - 1R 2A";"Residencial";"";"0";"756";"302";"322";"183";"183";"127";"130";"121";"121";"177";"215";"632";"54";"24";"25";"16";"16";"12";"12";"11";"11";"14";"16";"43"
"Gas";" HABITATGE AGUDES 69 - 4T 6A";"Residencial";"";"0";"0";"0";"0";"0";"0";"0";"0";"0";"0";"0";"0";"0";"0";"0";"0";"0";"0";"0";"0";"0";"0";"0";"0";"0"
"Gas";"LOCAL PONT MAJOR 65";"Altres";"";"0";"1006";"0";"0";"312";"312";"5";"6";"6";"7";"46";"44";"488";"70";"4";"4";"24";"25";"24";"25";"25";"24";"27";"26";"32"
"Gas";" HABITATGE AURORA BERTRANA I SALAZAR 6-8- 1C";"Residencial";"";"0";"1255";"576";"616";"243";"260";"332";"328";"109";"165";"1033";"1124";"2312";"80";"41";"44";"21";"23";"26";"27";"27";"28";"60";"66";"145"
"Gas";" CASA PASTORS";"Cultural";"";"0";"0";"0";"0";"0";"0";"0";"0";"0";"0";"0";"0";"0";"9";"9";"9";"9";"9";"9";"9";"9";"9";"9";"9";"9"
"Gas";" HABITATGE GUADIANA 29 - 1R 9A";"Residencial";"";"0";"2.020";"1637";"1750";"365";"362";"221";"229";"236";"253";"613";"680";"1.511";"125";"103";"110";"28";"28";"20";"20";"20";"21";"37";"41";"84"
"Gas";" HABITATGE GUADIANA 29 - 2N 3A";"Residencial";"";"0";"1396";"794";"848";"236";"300";"794";"799";"489";"521";"1225";"1295";"2357";"88";"54";"58";"21";"25";"51";"53";"46";"46";"69";"74";"149"
"Gas";" HABITATGE GUADIANA 29 - 1R 3A";"Residencial";"";"0";"0";"0";"0";"0";"0";"0";"0";"0";"0";"0";"0";"0";"4";"4";"4";"4";"4";"4";"4";"4";"4";"4";"4";"6"
"Gas";" ZONA ESPORTIVA DEVESA";"Esportiu";"";"0";"6045";"4601";"3649";"0";"1389";"4631";"4823";"4916";"3268";"-215";"2504";"7428";"390";"307";"261";"65";"136";"295";"302";"295";"216";"56";"174";"394"
"Gas";" HABITATGE RONDA PEDRET 2 - 3R 2A";"Residencial";"";"0";"527";"455";"434";"208";"305";"656";"627";"482";"542";"816";"751";"616";"38";"34";"33";"19";"25";"44";"45";"45";"44";"49";"45";"38"
"Gas";" HABITATGE AGUDES 69 - 6E 6A";"Residencial";"";"0";"2.517";"2.289";"1.565";"1309";"715";"247";"126";"65";"238";"312";"101";"0";"171";"155";"107";"90";"51";"20";"12";"8";"18";"23";"10";"4"
"Gas";" HABITATGE GUADIANA 29 - 2N 8A";"Residencial";"";"0";"890";"420";"449";"150";"174";"344";"343";"161";"182";"567";"599";"1084";"63";"32";"34";"13";"15";"26";"26";"23";"23";"38";"42";"93"
"Gas";" POLICIA MUNICIPAL";"Oficina";"";"0";"28783";"35588";"3643";"27149";"48492";"12937";"1328";"2380";"2890";"17039";"33663";"52442";"2084";"1950";"289";"1404";"2426";"723";"171";"213";"231";"801";"1470";"2245"
"Gas";"CAN BORRASSÓ";"Altres";"";"0";"0";"0";"0";"0";"0";"0";"0";"77";"332";"371";"369";"458";"0";"0";"0";"0";"0";"0";"0";"15";"63";"28";"25";"31"
"Gasoil_Biomassa";" AJUNTAMENT";"Oficina";"";"0";"7.286";"6.816";"7.286";"7.051";"7.286";"7.051";"7.286";"7.286";"7.051";"3.980";"3.852";"3.980";"524";"490";"524";"507";"524";"507";"524";"524";"507";"182";"176";"182"
"Gasoil_Biomassa";" CENTRE CULTURAL LA MERCÈ";"Cultural";"";"0";"67.343";"34.577";"10.745";"10.399";"10.745";"10.399";"10.745";"10.745";"10.399";"10.745";"25.924";"42.830";"4.939";"2.495";"682";"660";"682";"660";"682";"682";"660";"682";"1.262";"1.927"
"Gasoil_Biomassa";" CEE PALAU";"Educació";"";"0";"13.340";"11.900";"12.142";"11.751";"12.142";"11.751";"12.142";"12.142";"11.751";"12.142";"11.751";"12.142";"946";"800";"770";"746";"770";"746";"770";"770";"746";"770";"746";"770"
"Gasoil_Biomassa";" ESCOLA ANNEXA-JOAN PUIGBERT";"Educació";"";"0";"35244";"18109";"19.358";"18.734";"19.358";"18.734";"19.358";"19.358";"18.734";"19.358";"18.734";"63.281";"2465";"1243";"1328";"1.285";"1.328";"1.285";"1.328";"1.328";"1.285";"1.328";"1.285";"3.364"
"Gasoil_Biomassa";" ESCOLA CARME AUGUET";"Educació";"";"0";"32.790";"9.910";"817";"790";"817";"790";"817";"817";"6.246";"10.765";"10.417";"10.765";"1.088";"329";"27";"26";"27";"26";"27";"27";"207";"357";"346";"357"
"Gasoil_Biomassa";" ESCOLA CASSIA COSTAL";"Educació";"";"0";"8.506";"7.957";"8.506";"8.231";"8.506";"8.231";"8.506";"8.506";"23.298";"24.611";"23.817";"24.611";"591";"553";"591";"572";"591";"572";"591";"591";"1.145";"1.203";"1.165";"1.203"
"Gasoil_Biomassa";" ESCOLA DALMAU CARLES";"Educació";"";"0";"13.245";"12.379";"13.233";"12.806";"13.233";"12.806";"13.233";"13.233";"12.806";"22.908";"29.880";"30.876";"971";"915";"978";"947";"978";"947";"978";"978";"947";"1240";"1408";"1455"
"Gasoil_Biomassa";" ESCOLA FONT DE LA POLVORA";"Educació";"";"0";"10.213";"14.604";"15.611";"15.108";"15.611";"15.108";"15.611";"15.611";"15.108";"15.611";"15.108";"15.611";"855";"1.002";"1.071";"1037";"1071";"1037";"1071";"1071";"1037";"1071";"1037";"1071"
"Gasoil_Biomassa";" ESCOLA JOAN BRUGUERA";"Educació";"";"0";"24.248";"5.619";"6.007";"5.813";"6.007";"5.813";"6.007";"6.007";"5.813";"16.782";"17.786";"23.975";"1.698";"394";"421";"407";"421";"407";"421";"421";"407";"785";"812";"1.154"
"Gasoil_Biomassa";" ESCOLA MARE DE DEU DEL MONT";"Educació";"";"0";"30.800";"14.960";"15.992";"15.476";"15.992";"15.476";"15.992";"15.992";"15.476";"26.198";"27.724";"28.648";"2.212";"1.026";"1.097";"1.062";"1.097";"1.062";"1.097";"1.097";"1.062";"1.271";"1.270";"1.313"
"Gasoil_Biomassa";" ESCOLA MIGDIA";"Educació";"";"0";"12.184";"11.398";"12.184";"11.791";"12.184";"11.791";"12.184";"12.184";"11.791";"227.826";"-60.156";"-62.161";"853";"798";"853";"825";"853";"825";"853";"853";"825";"10.405";"-2.745";"-2.836"
"Gasoil_Biomassa";" ESCOLA MONTFALGARS";"Educació";"";"0";"34.395";"11.596";"12.395";"11.996";"12.395";"11.996";"12.395";"12.395";"11.996";"17.626";"51.223";"52.930";"2.405";"796";"851";"823";"851";"823";"851";"851";"823";"1.056";"2.365";"2.444"
"Gasoil_Biomassa";" ESCOLA PLA DE GIRONA";"Educació";"";"0";"42296";"24.931";"13.938";"13.489";"13.938";"13.489";"13.938";"13.938";"13.489";"13.938";"13.489";"13.938";"3045";"1733";"884";"856";"884";"856";"884";"884";"856";"884";"856";"884"
"Gasoil_Biomassa";" ESCOLA TAIALÀ";"Educació";"";"0";"121.912";"80.233";"18.515";"10.945";"11.310";"10.945";"11.310";"11.310";"10.945";"11.310";"10.945";"81.122";"8911";"5.505";"1.193";"668";"690";"668";"690";"690";"668";"690";"668";"4.129"
"Gasoil_Biomassa";" ESCOLA VERD";"Educació";"";"0";"43.663";"35.969";"13.424";"12.991";"13.424";"12.991";"13.424";"13.424";"12.991";"13.424";"12.991";"13.424";"3108";"2549";"884";"856";"884";"856";"884";"884";"856";"884";"856";"884"
"Gasoil_Biomassa";" SERVEI MUNICIPAL D'OCUPACIÓ";"Oficina";"";"0";"24.216";"7.351";"5.241";"5.072";"5.241";"5.072";"5.241";"5.241";"5.072";"5.241";"38.681";"30.479";"1.718";"497";"341";"330";"341";"330";"341";"341";"330";"341";"1789";"1.544"
"Gasoil_Biomassa";" POLICIA MUNICIPAL";"Oficina";"";"0";"3.745";"3.504";"3.745";"3.624";"3.745";"3.624";"3.745";"3.745";"3.624";"3.745";"3.624";"3.745";"273";"255";"273";"264";"273";"264";"273";"273";"264";"273";"264";"273"
"Gasoil_Biomassa";"CEE FONT DE L'ABELLA";"Educació";"";"0";"61.107";"68.538";"37.729";"14.792";"15.285";"14.792";"15.285";"15.285";"14.792";"4.755";"4.602";"75.180";"4.443";"5.007";"2619";"864";"893";"864";"893";"893";"864";"218";"211";"3.900"
"Gasoil_Biomassa";" ESCOLA VILA-ROJA";"Educació";"";"0";"2.303";"1.337";"0";"0";"0";"0";"0";"0";"0";"0";"0";"0";"65";"37";"0";"0";"0";"0";"0";"0";"0";"0";"0";"0"
"Gasoil_Biomassa";" ESCOLA STA. EUGÈNIA";"Educació";"";"0";"4.556";"4.262";"4.556";"4.409";"4.556";"4.409";"4.556";"4.556";"4.409";"4.556";"4.409";"4.556";"286";"268";"286";"277";"286";"277";"286";"286";"277";"286";"277";"286"
"Gasoil_Biomassa";" BEATES";"Oficina";"";"0";"1.187";"1.111";"1.187";"1.149";"1.187";"1.149";"1.187";"1.187";"1.149";"1.187";"1.149";"1.187";"75";"70";"75";"72";"75";"72";"75";"75";"72";"75";"72";"75"
"Gasoil_Biomassa";" PAVELLÓ DE FONTAJAU";"Esportiu";"";"0";"11081";"13601";"1308";"1266";"1308";"1266";"1308";"1308";"1266";"1308";"1266";"1308";"782";"937";"86";"83";"86";"83";"86";"86";"83";"86";"83";"86"
"Gasoil_Biomassa";" PAVELLÓ MONTFALGARS";"Esportiu";"";"0";"7.371";"19.095";"3.271";"3.166";"3.271";"3.166";"3.029";"2.645";"2.560";"2.645";"2.560";"2.645";"463";"1200";"213";"206";"213";"206";"192";"160";"155";"160";"155";"160"
